"","Plot ID","Long","Lat","UTM east","UTM north","UTM east of lower left","UTM north of lower left","Mean CHM"
"1","DSNY_021",-81.393374,28.052638,461341.116079402,3103095.78558793,461000,3103000,1.44916895759449
"2","DSNY_021",-81.393374,28.052638,461341.116079402,3103095.78558793,461000,3103000,1.44916895759449
"3","DSNY_021",-81.393374,28.052638,461341.116079402,3103095.78558793,461000,3103000,1.44916895759449
"4","DSNY_021",-81.393374,28.052638,461341.116079402,3103095.78558793,461000,3103000,1.44916895759449
"5","DSNY_021",-81.393374,28.052638,461341.116079402,3103095.78558793,461000,3103000,1.44916895759449
"6","DSNY_021",-81.393374,28.052638,461341.116079402,3103095.78558793,461000,3103000,1.44916895759449
"7","DSNY_021",-81.393374,28.052638,461341.116079402,3103095.78558793,461000,3103000,1.44916895759449
"8","DSNY_021",-81.393374,28.052638,461341.116079402,3103095.78558793,461000,3103000,1.44916895759449
"9","DSNY_021",-81.393374,28.052638,461341.116079402,3103095.78558793,461000,3103000,1.44916895759449
"10","DSNY_016",-81.393638,28.043948,461312.061294215,3102133.21403658,461000,3102000,0.760352623027181
"11","DSNY_016",-81.393638,28.043948,461312.061294215,3102133.21403658,461000,3102000,0.760352623027181
"12","DSNY_016",-81.393638,28.043948,461312.061294215,3102133.21403658,461000,3102000,0.760352623027181
"13","DSNY_025",-81.42062,28.071776,458670.807364348,3105224.79627599,458000,3105000,3.45311126274876
"14","DSNY_009",-81.428559,28.073118,457891.253952672,3105376.18073155,457000,3105000,3.74407948630935
"15","DSNY_009",-81.428559,28.073118,457891.253952672,3105376.18073155,457000,3105000,3.74407948630935
"16","DSNY_009",-81.428559,28.073118,457891.253952672,3105376.18073155,457000,3105000,3.74407948630935
"17","DSNY_009",-81.428559,28.073118,457891.253952672,3105376.18073155,457000,3105000,3.74407948630935
"18","DSNY_009",-81.428559,28.073118,457891.253952672,3105376.18073155,457000,3105000,3.74407948630935
"19","DSNY_009",-81.428559,28.073118,457891.253952672,3105376.18073155,457000,3105000,3.74407948630935
"20","DSNY_009",-81.428559,28.073118,457891.253952672,3105376.18073155,457000,3105000,3.74407948630935
"21","DSNY_009",-81.428559,28.073118,457891.253952672,3105376.18073155,457000,3105000,3.74407948630935
"22","DSNY_009",-81.428559,28.073118,457891.253952672,3105376.18073155,457000,3105000,3.74407948630935
"23","DSNY_025",-81.42062,28.071776,458670.807364348,3105224.79627599,458000,3105000,3.45311126274876
"24","DSNY_025",-81.42062,28.071776,458670.807364348,3105224.79627599,458000,3105000,3.45311126274876
"25","DSNY_025",-81.42062,28.071776,458670.807364348,3105224.79627599,458000,3105000,3.45311126274876
"26","DSNY_025",-81.42062,28.071776,458670.807364348,3105224.79627599,458000,3105000,3.45311126274876
"27","DSNY_025",-81.42062,28.071776,458670.807364348,3105224.79627599,458000,3105000,3.45311126274876
"28","DSNY_025",-81.42062,28.071776,458670.807364348,3105224.79627599,458000,3105000,3.45311126274876
"29","DSNY_025",-81.42062,28.071776,458670.807364348,3105224.79627599,458000,3105000,3.45311126274876
"30","DSNY_025",-81.42062,28.071776,458670.807364348,3105224.79627599,458000,3105000,3.45311126274876
"31","DSNY_025",-81.42062,28.071776,458670.807364348,3105224.79627599,458000,3105000,3.45311126274876
"32","DSNY_021",-81.393374,28.052638,461341.116079402,3103095.78558793,461000,3103000,1.44916895759449
"33","DSNY_021",-81.393374,28.052638,461341.116079402,3103095.78558793,461000,3103000,1.44916895759449
"34","DSNY_021",-81.393374,28.052638,461341.116079402,3103095.78558793,461000,3103000,1.44916895759449
"35","DSNY_009",-81.428559,28.073118,457891.253952672,3105376.18073155,457000,3105000,3.74407948630935
"36","DSNY_009",-81.428559,28.073118,457891.253952672,3105376.18073155,457000,3105000,3.74407948630935
"37","DSNY_009",-81.428559,28.073118,457891.253952672,3105376.18073155,457000,3105000,3.74407948630935
"38","DSNY_025",-81.42062,28.071776,458670.807364348,3105224.79627599,458000,3105000,3.45311126274876
"39","DSNY_025",-81.42062,28.071776,458670.807364348,3105224.79627599,458000,3105000,3.45311126274876
"40","DSNY_025",-81.42062,28.071776,458670.807364348,3105224.79627599,458000,3105000,3.45311126274876
"41","DSNY_016",-81.393638,28.043948,461312.061294215,3102133.21403658,461000,3102000,0.760352623027181
"42","DSNY_021",-81.393374,28.052638,461341.116079402,3103095.78558793,461000,3103000,1.44916895759449
"43","DSNY_021",-81.393374,28.052638,461341.116079402,3103095.78558793,461000,3103000,1.44916895759449
"44","DSNY_021",-81.393374,28.052638,461341.116079402,3103095.78558793,461000,3103000,1.44916895759449
"45","DSNY_009",-81.428559,28.073118,457891.253952672,3105376.18073155,457000,3105000,3.74407948630935
"46","DSNY_025",-81.42062,28.071776,458670.807364348,3105224.79627599,458000,3105000,3.45311126274876
"47","DSNY_025",-81.42062,28.071776,458670.807364348,3105224.79627599,458000,3105000,3.45311126274876
"48","DSNY_025",-81.42062,28.071776,458670.807364348,3105224.79627599,458000,3105000,3.45311126274876
"49","DSNY_016",-81.393638,28.043948,461312.061294215,3102133.21403658,461000,3102000,0.760352623027181
"50","DSNY_021",-81.393374,28.052638,461341.116079402,3103095.78558793,461000,3103000,1.44916895759449
"51","DSNY_021",-81.393374,28.052638,461341.116079402,3103095.78558793,461000,3103000,1.44916895759449
"52","DSNY_021",-81.393374,28.052638,461341.116079402,3103095.78558793,461000,3103000,1.44916895759449
"53","DSNY_025",-81.42062,28.071776,458670.807364348,3105224.79627599,458000,3105000,3.45311126274876
"54","DSNY_025",-81.42062,28.071776,458670.807364348,3105224.79627599,458000,3105000,3.45311126274876
"55","DSNY_025",-81.42062,28.071776,458670.807364348,3105224.79627599,458000,3105000,3.45311126274876
"56","DSNY_009",-81.428559,28.073118,457891.253952672,3105376.18073155,457000,3105000,3.74407948630935
"57","DSNY_016",-81.393638,28.043948,461312.061294215,3102133.21403658,461000,3102000,0.760352623027181
"58","DSNY_021",-81.393374,28.052638,461341.116079402,3103095.78558793,461000,3103000,1.44916895759449
"59","DSNY_021",-81.393374,28.052638,461341.116079402,3103095.78558793,461000,3103000,1.44916895759449
"60","DSNY_021",-81.393374,28.052638,461341.116079402,3103095.78558793,461000,3103000,1.44916895759449
"61","DSNY_016",-81.393638,28.043948,461312.061294215,3102133.21403658,461000,3102000,0.760352623027181
"62","DSNY_016",-81.393638,28.043948,461312.061294215,3102133.21403658,461000,3102000,0.760352623027181
"63","DSNY_021",-81.393374,28.052638,461341.116079402,3103095.78558793,461000,3103000,1.44916895759449
"64","DSNY_021",-81.393374,28.052638,461341.116079402,3103095.78558793,461000,3103000,1.44916895759449
"65","DSNY_021",-81.393374,28.052638,461341.116079402,3103095.78558793,461000,3103000,1.44916895759449
"66","DSNY_009",-81.428559,28.073118,457891.253952672,3105376.18073155,457000,3105000,3.74407948630935
"67","DSNY_009",-81.428559,28.073118,457891.253952672,3105376.18073155,457000,3105000,3.74407948630935
"68","DSNY_025",-81.42062,28.071776,458670.807364348,3105224.79627599,458000,3105000,3.45311126274876
"69","DSNY_025",-81.42062,28.071776,458670.807364348,3105224.79627599,458000,3105000,3.45311126274876
"70","DSNY_025",-81.42062,28.071776,458670.807364348,3105224.79627599,458000,3105000,3.45311126274876
"71","DSNY_025",-81.42062,28.071776,458670.807364348,3105224.79627599,458000,3105000,3.45311126274876
"72","DSNY_025",-81.42062,28.071776,458670.807364348,3105224.79627599,458000,3105000,3.45311126274876
"73","DSNY_025",-81.42062,28.071776,458670.807364348,3105224.79627599,458000,3105000,3.45311126274876
"74","DSNY_009",-81.428559,28.073118,457891.253952672,3105376.18073155,457000,3105000,3.74407948630935
"75","DSNY_009",-81.428559,28.073118,457891.253952672,3105376.18073155,457000,3105000,3.74407948630935
"76","DSNY_009",-81.428559,28.073118,457891.253952672,3105376.18073155,457000,3105000,3.74407948630935
"77","DSNY_025",-81.42062,28.071776,458670.807364348,3105224.79627599,458000,3105000,3.45311126274876
"78","DSNY_025",-81.42062,28.071776,458670.807364348,3105224.79627599,458000,3105000,3.45311126274876
"79","DSNY_025",-81.42062,28.071776,458670.807364348,3105224.79627599,458000,3105000,3.45311126274876
"80","DSNY_016",-81.393638,28.043948,461312.061294215,3102133.21403658,461000,3102000,0.760352623027181
"81","DSNY_016",-81.393638,28.043948,461312.061294215,3102133.21403658,461000,3102000,0.760352623027181
"82","DSNY_016",-81.393638,28.043948,461312.061294215,3102133.21403658,461000,3102000,0.760352623027181
"83","DSNY_021",-81.393374,28.052638,461341.116079402,3103095.78558793,461000,3103000,1.44916895759449
"84","DSNY_021",-81.393374,28.052638,461341.116079402,3103095.78558793,461000,3103000,1.44916895759449
"85","DSNY_021",-81.393374,28.052638,461341.116079402,3103095.78558793,461000,3103000,1.44916895759449
"86","DSNY_016",-81.393638,28.043948,461312.061294215,3102133.21403658,461000,3102000,0.760352623027181
"87","DSNY_009",-81.428559,28.073118,457891.253952672,3105376.18073155,457000,3105000,3.74407948630935
"88","DSNY_009",-81.428559,28.073118,457891.253952672,3105376.18073155,457000,3105000,3.74407948630935
"89","DSNY_009",-81.428559,28.073118,457891.253952672,3105376.18073155,457000,3105000,3.74407948630935
"90","DSNY_021",-81.393374,28.052638,461341.116079402,3103095.78558793,461000,3103000,1.44916895759449
"91","DSNY_021",-81.393374,28.052638,461341.116079402,3103095.78558793,461000,3103000,1.44916895759449
"92","DSNY_025",-81.42062,28.071776,458670.807364348,3105224.79627599,458000,3105000,3.45311126274876
"93","DSNY_021",-81.393374,28.052638,461341.116079402,3103095.78558793,461000,3103000,1.44916895759449
"94","DSNY_016",-81.393638,28.043948,461312.061294215,3102133.21403658,461000,3102000,0.760352623027181
"95","DSNY_025",-81.42062,28.071776,458670.807364348,3105224.79627599,458000,3105000,3.45311126274876
"96","DSNY_016",-81.393638,28.043948,461312.061294215,3102133.21403658,461000,3102000,0.760352623027181
"97","DSNY_025",-81.42062,28.071776,458670.807364348,3105224.79627599,458000,3105000,3.45311126274876
"98","DSNY_041",-81.432746,28.125082,457500.327634497,3111134.12956674,457000,3111000,1.17883446380545
"99","DSNY_025",-81.42062,28.071776,458670.807364348,3105224.79627599,458000,3105000,3.45311126274876
"100","DSNY_025",-81.42062,28.071776,458670.807364348,3105224.79627599,458000,3105000,3.45311126274876
"101","DSNY_009",-81.428559,28.073118,457891.253952672,3105376.18073155,457000,3105000,3.74407948630935
"102","DSNY_009",-81.428559,28.073118,457891.253952672,3105376.18073155,457000,3105000,3.74407948630935
"103","DSNY_016",-81.393638,28.043948,461312.061294215,3102133.21403658,461000,3102000,0.760352623027181
"104","DSNY_016",-81.393638,28.043948,461312.061294215,3102133.21403658,461000,3102000,0.760352623027181
"105","DSNY_021",-81.393374,28.052638,461341.116079402,3103095.78558793,461000,3103000,1.44916895759449
"106","DSNY_021",-81.393374,28.052638,461341.116079402,3103095.78558793,461000,3103000,1.44916895759449
"107","DSNY_025",-81.42062,28.071776,458670.807364348,3105224.79627599,458000,3105000,3.45311126274876
"108","DSNY_016",-81.393638,28.043948,461312.061294215,3102133.21403658,461000,3102000,0.760352623027181
"109","DSNY_021",-81.393374,28.052638,461341.116079402,3103095.78558793,461000,3103000,1.44916895759449
"110","DSNY_009",-81.428559,28.073118,457891.253952672,3105376.18073155,457000,3105000,3.74407948630935
"111","DSNY_041",-81.432746,28.125082,457500.327634497,3111134.12956674,457000,3111000,1.17883446380545
"112","DSNY_021",-81.393374,28.052638,461341.116079402,3103095.78558793,461000,3103000,1.44916895759449
"113","DSNY_025",-81.42062,28.071776,458670.807364348,3105224.79627599,458000,3105000,3.45311126274876
"114","DSNY_016",-81.393638,28.043948,461312.061294215,3102133.21403658,461000,3102000,0.760352623027181
"115","DSNY_021",-81.393374,28.052638,461341.116079402,3103095.78558793,461000,3103000,1.44916895759449
"116","DSNY_025",-81.42062,28.071776,458670.807364348,3105224.79627599,458000,3105000,3.45311126274876
"117","DSNY_009",-81.428559,28.073118,457891.253952672,3105376.18073155,457000,3105000,3.74407948630935
"118","DSNY_016",-81.393638,28.043948,461312.061294215,3102133.21403658,461000,3102000,0.760352623027181
"119","DSNY_016",-81.393638,28.043948,461312.061294215,3102133.21403658,461000,3102000,0.760352623027181
"120","DSNY_009",-81.428559,28.073118,457891.253952672,3105376.18073155,457000,3105000,3.74407948630935
"121","DSNY_009",-81.428559,28.073118,457891.253952672,3105376.18073155,457000,3105000,3.74407948630935
"122","DSNY_025",-81.42062,28.071776,458670.807364348,3105224.79627599,458000,3105000,3.45311126274876
"123","DSNY_021",-81.393374,28.052638,461341.116079402,3103095.78558793,461000,3103000,1.44916895759449
"124","DSNY_021",-81.393374,28.052638,461341.116079402,3103095.78558793,461000,3103000,1.44916895759449
"125","DSNY_009",-81.428559,28.073118,457891.253952672,3105376.18073155,457000,3105000,3.74407948630935
"126","DSNY_025",-81.42062,28.071776,458670.807364348,3105224.79627599,458000,3105000,3.45311126274876
"127","DSNY_021",-81.393374,28.052638,461341.116079402,3103095.78558793,461000,3103000,1.44916895759449
"128","DSNY_025",-81.42062,28.071776,458670.807364348,3105224.79627599,458000,3105000,3.45311126274876
"129","DSNY_025",-81.42062,28.071776,458670.807364348,3105224.79627599,458000,3105000,3.45311126274876
"130","DSNY_009",-81.428559,28.073118,457891.253952672,3105376.18073155,457000,3105000,3.74407948630935
"131","DSNY_009",-81.428559,28.073118,457891.253952672,3105376.18073155,457000,3105000,3.74407948630935
"132","DSNY_016",-81.393638,28.043948,461312.061294215,3102133.21403658,461000,3102000,0.760352623027181
"133","DSNY_016",-81.393638,28.043948,461312.061294215,3102133.21403658,461000,3102000,0.760352623027181
"134","DSNY_016",-81.393638,28.043948,461312.061294215,3102133.21403658,461000,3102000,0.760352623027181
"135","DSNY_005",-81.393323,28.039641,461341.480926951,3101655.99639828,461000,3101000,1.38269266893812
"136","DSNY_016",-81.393638,28.043948,461312.061294215,3102133.21403658,461000,3102000,0.760352623027181
"137","DSNY_025",-81.42062,28.071776,458670.807364348,3105224.79627599,458000,3105000,3.45311126274876
"138","DSNY_021",-81.393374,28.052638,461341.116079402,3103095.78558793,461000,3103000,1.44916895759449
"139","DSNY_016",-81.393638,28.043948,461312.061294215,3102133.21403658,461000,3102000,0.760352623027181
"140","DSNY_009",-81.428559,28.073118,457891.253952672,3105376.18073155,457000,3105000,3.74407948630935
"141","DSNY_009",-81.428559,28.073118,457891.253952672,3105376.18073155,457000,3105000,3.74407948630935
"142","DSNY_009",-81.428559,28.073118,457891.253952672,3105376.18073155,457000,3105000,3.74407948630935
"143","DSNY_016",-81.393638,28.043948,461312.061294215,3102133.21403658,461000,3102000,0.760352623027181
"144","DSNY_021",-81.393374,28.052638,461341.116079402,3103095.78558793,461000,3103000,1.44916895759449
"145","DSNY_025",-81.42062,28.071776,458670.807364348,3105224.79627599,458000,3105000,3.45311126274876
"146","DSNY_025",-81.42062,28.071776,458670.807364348,3105224.79627599,458000,3105000,3.45311126274876
"147","DSNY_025",-81.42062,28.071776,458670.807364348,3105224.79627599,458000,3105000,3.45311126274876
"148","DSNY_021",-81.393374,28.052638,461341.116079402,3103095.78558793,461000,3103000,1.44916895759449
"149","DSNY_025",-81.42062,28.071776,458670.807364348,3105224.79627599,458000,3105000,3.45311126274876
"150","DSNY_041",-81.432746,28.125082,457500.327634497,3111134.12956674,457000,3111000,1.17883446380545
"151","DSNY_016",-81.393638,28.043948,461312.061294215,3102133.21403658,461000,3102000,0.760352623027181
"152","DSNY_021",-81.393374,28.052638,461341.116079402,3103095.78558793,461000,3103000,1.44916895759449
"153","DSNY_016",-81.393638,28.043948,461312.061294215,3102133.21403658,461000,3102000,0.760352623027181
"154","DSNY_021",-81.393374,28.052638,461341.116079402,3103095.78558793,461000,3103000,1.44916895759449
"155","DSNY_025",-81.42062,28.071776,458670.807364348,3105224.79627599,458000,3105000,3.45311126274876
"156","DSNY_025",-81.42062,28.071776,458670.807364348,3105224.79627599,458000,3105000,3.45311126274876
"157","DSNY_021",-81.393374,28.052638,461341.116079402,3103095.78558793,461000,3103000,1.44916895759449
"158","DSNY_009",-81.428559,28.073118,457891.253952672,3105376.18073155,457000,3105000,3.74407948630935
"159","DSNY_016",-81.393638,28.043948,461312.061294215,3102133.21403658,461000,3102000,0.760352623027181
"160","DSNY_025",-81.42062,28.071776,458670.807364348,3105224.79627599,458000,3105000,3.45311126274876
"161","DSNY_009",-81.428559,28.073118,457891.253952672,3105376.18073155,457000,3105000,3.74407948630935
"162","DSNY_009",-81.428559,28.073118,457891.253952672,3105376.18073155,457000,3105000,3.74407948630935
"163","DSNY_016",-81.393638,28.043948,461312.061294215,3102133.21403658,461000,3102000,0.760352623027181
"164","DSNY_001",-81.418579,28.0967,458880.849564229,3107985.13949847,458000,3107000,1.65131869313487
"165","DSNY_001",-81.418579,28.0967,458880.849564229,3107985.13949847,458000,3107000,1.65131869313487
"166","DSNY_001",-81.418579,28.0967,458880.849564229,3107985.13949847,458000,3107000,1.65131869313487
"167","DSNY_009",-81.428559,28.073118,457891.253952672,3105376.18073155,457000,3105000,3.74407948630935
"168","DSNY_009",-81.428559,28.073118,457891.253952672,3105376.18073155,457000,3105000,3.74407948630935
"169","DSNY_016",-81.393638,28.043948,461312.061294215,3102133.21403658,461000,3102000,0.760352623027181
"170","DSNY_016",-81.393638,28.043948,461312.061294215,3102133.21403658,461000,3102000,0.760352623027181
"171","DSNY_016",-81.393638,28.043948,461312.061294215,3102133.21403658,461000,3102000,0.760352623027181
"172","DSNY_009",-81.428559,28.073118,457891.253952672,3105376.18073155,457000,3105000,3.74407948630935
"173","DSNY_016",-81.393638,28.043948,461312.061294215,3102133.21403658,461000,3102000,0.760352623027181
"174","DSNY_009",-81.428559,28.073118,457891.253952672,3105376.18073155,457000,3105000,3.74407948630935
"175","DSNY_021",-81.393374,28.052638,461341.116079402,3103095.78558793,461000,3103000,1.44916895759449
"176","DSNY_021",-81.393374,28.052638,461341.116079402,3103095.78558793,461000,3103000,1.44916895759449
"177","DSNY_001",-81.418579,28.0967,458880.849564229,3107985.13949847,458000,3107000,1.65131869313487
"178","DSNY_009",-81.428559,28.073118,457891.253952672,3105376.18073155,457000,3105000,3.74407948630935
"179","DSNY_004",-81.399974,28.099732,460709.634998344,3108314.87030971,460000,3108000,4.67806665540903
"180","DSNY_004",-81.399974,28.099732,460709.634998344,3108314.87030971,460000,3108000,4.67806665540903
"181","DSNY_002",-81.416879,28.048244,459029.471258949,3102616.71031875,459000,3102000,0.886897000089425
"182","DSNY_002",-81.416879,28.048244,459029.471258949,3102616.71031875,459000,3102000,0.886897000089425
"183","DSNY_002",-81.416879,28.048244,459029.471258949,3102616.71031875,459000,3102000,0.886897000089425
"184","DSNY_003",-81.425532,28.074209,458189.102159998,3105495.99630782,458000,3105000,3.45311126274876
"185","DSNY_001",-81.418579,28.0967,458880.849564229,3107985.13949847,458000,3107000,1.65131869313487
"186","DSNY_003",-81.425532,28.074209,458189.102159998,3105495.99630782,458000,3105000,3.45311126274876
"187","DSNY_003",-81.425532,28.074209,458189.102159998,3105495.99630782,458000,3105000,3.45311126274876
"188","DSNY_001",-81.418579,28.0967,458880.849564229,3107985.13949847,458000,3107000,1.65131869313487
"189","DSNY_009",-81.428559,28.073118,457891.253952672,3105376.18073155,457000,3105000,3.74407948630935
"190","DSNY_016",-81.393638,28.043948,461312.061294215,3102133.21403658,461000,3102000,0.760352623027181
"191","DSNY_016",-81.393638,28.043948,461312.061294215,3102133.21403658,461000,3102000,0.760352623027181
"192","DSNY_009",-81.428559,28.073118,457891.253952672,3105376.18073155,457000,3105000,3.74407948630935
"193","DSNY_016",-81.393638,28.043948,461312.061294215,3102133.21403658,461000,3102000,0.760352623027181
"194","DSNY_025",-81.42062,28.071776,458670.807364348,3105224.79627599,458000,3105000,3.45311126274876
"195","DSNY_021",-81.393374,28.052638,461341.116079402,3103095.78558793,461000,3103000,1.44916895759449
"196","DSNY_004",-81.399974,28.099732,460709.634998344,3108314.87030971,460000,3108000,4.67806665540903
"197","DSNY_005",-81.393323,28.039641,461341.480926951,3101655.99639828,461000,3101000,1.38269266893812
"198","DSNY_043",-81.43487,28.1232,457290.982964048,3110926.38818408,457000,3110000,3.19662546832636
"199","DSNY_043",-81.43487,28.1232,457290.982964048,3110926.38818408,457000,3110000,3.19662546832636
"200","DSNY_043",-81.43487,28.1232,457290.982964048,3110926.38818408,457000,3110000,3.19662546832636
"201","DSNY_005",-81.393323,28.039641,461341.480926951,3101655.99639828,461000,3101000,1.38269266893812
"202","DSNY_001",-81.418579,28.0967,458880.849564229,3107985.13949847,458000,3107000,1.65131869313487
"203","DSNY_001",-81.418579,28.0967,458880.849564229,3107985.13949847,458000,3107000,1.65131869313487
"204","DSNY_001",-81.418579,28.0967,458880.849564229,3107985.13949847,458000,3107000,1.65131869313487
"205","DSNY_016",-81.393638,28.043948,461312.061294215,3102133.21403658,461000,3102000,0.760352623027181
"206","DSNY_016",-81.393638,28.043948,461312.061294215,3102133.21403658,461000,3102000,0.760352623027181
"207","DSNY_002",-81.416879,28.048244,459029.471258949,3102616.71031875,459000,3102000,0.886897000089425
"208","DSNY_002",-81.416879,28.048244,459029.471258949,3102616.71031875,459000,3102000,0.886897000089425
"209","DSNY_002",-81.416879,28.048244,459029.471258949,3102616.71031875,459000,3102000,0.886897000089425
"210","DSNY_009",-81.428559,28.073118,457891.253952672,3105376.18073155,457000,3105000,3.74407948630935
"211","DSNY_009",-81.428559,28.073118,457891.253952672,3105376.18073155,457000,3105000,3.74407948630935
"212","DSNY_016",-81.393638,28.043948,461312.061294215,3102133.21403658,461000,3102000,0.760352623027181
"213","DSNY_009",-81.428559,28.073118,457891.253952672,3105376.18073155,457000,3105000,3.74407948630935
"214","DSNY_002",-81.416879,28.048244,459029.471258949,3102616.71031875,459000,3102000,0.886897000089425
"215","DSNY_002",-81.416879,28.048244,459029.471258949,3102616.71031875,459000,3102000,0.886897000089425
"216","DSNY_002",-81.416879,28.048244,459029.471258949,3102616.71031875,459000,3102000,0.886897000089425
"217","DSNY_001",-81.418579,28.0967,458880.849564229,3107985.13949847,458000,3107000,1.65131869313487
"218","DSNY_001",-81.418579,28.0967,458880.849564229,3107985.13949847,458000,3107000,1.65131869313487
"219","DSNY_001",-81.418579,28.0967,458880.849564229,3107985.13949847,458000,3107000,1.65131869313487
"220","DSNY_016",-81.393638,28.043948,461312.061294215,3102133.21403658,461000,3102000,0.760352623027181
"221","DSNY_009",-81.428559,28.073118,457891.253952672,3105376.18073155,457000,3105000,3.74407948630935
"222","DSNY_009",-81.428559,28.073118,457891.253952672,3105376.18073155,457000,3105000,3.74407948630935
"223","DSNY_009",-81.428559,28.073118,457891.253952672,3105376.18073155,457000,3105000,3.74407948630935
"224","DSNY_016",-81.393638,28.043948,461312.061294215,3102133.21403658,461000,3102000,0.760352623027181
"225","DSNY_016",-81.393638,28.043948,461312.061294215,3102133.21403658,461000,3102000,0.760352623027181
"226","DSNY_002",-81.416879,28.048244,459029.471258949,3102616.71031875,459000,3102000,0.886897000089425
"227","DSNY_002",-81.416879,28.048244,459029.471258949,3102616.71031875,459000,3102000,0.886897000089425
"228","DSNY_001",-81.418579,28.0967,458880.849564229,3107985.13949847,458000,3107000,1.65131869313487
"229","DSNY_009",-81.428559,28.073118,457891.253952672,3105376.18073155,457000,3105000,3.74407948630935
"230","DSNY_001",-81.418579,28.0967,458880.849564229,3107985.13949847,458000,3107000,1.65131869313487
"231","DSNY_002",-81.416879,28.048244,459029.471258949,3102616.71031875,459000,3102000,0.886897000089425
"232","DSNY_001",-81.418579,28.0967,458880.849564229,3107985.13949847,458000,3107000,1.65131869313487
"233","DSNY_009",-81.428559,28.073118,457891.253952672,3105376.18073155,457000,3105000,3.74407948630935
"234","DSNY_016",-81.393638,28.043948,461312.061294215,3102133.21403658,461000,3102000,0.760352623027181
"235","DSNY_016",-81.393638,28.043948,461312.061294215,3102133.21403658,461000,3102000,0.760352623027181
"236","DSNY_016",-81.393638,28.043948,461312.061294215,3102133.21403658,461000,3102000,0.760352623027181
"237","DSNY_009",-81.428559,28.073118,457891.253952672,3105376.18073155,457000,3105000,3.74407948630935
"238","DSNY_002",-81.416879,28.048244,459029.471258949,3102616.71031875,459000,3102000,0.886897000089425
"239","DSNY_002",-81.416879,28.048244,459029.471258949,3102616.71031875,459000,3102000,0.886897000089425
"240","DSNY_002",-81.416879,28.048244,459029.471258949,3102616.71031875,459000,3102000,0.886897000089425
"241","DSNY_009",-81.428559,28.073118,457891.253952672,3105376.18073155,457000,3105000,3.74407948630935
"242","DSNY_001",-81.418579,28.0967,458880.849564229,3107985.13949847,458000,3107000,1.65131869313487
"243","DSNY_016",-81.393638,28.043948,461312.061294215,3102133.21403658,461000,3102000,0.760352623027181
"244","DSNY_001",-81.418579,28.0967,458880.849564229,3107985.13949847,458000,3107000,1.65131869313487
"245","DSNY_009",-81.428559,28.073118,457891.253952672,3105376.18073155,457000,3105000,3.74407948630935
"246","DSNY_009",-81.428559,28.073118,457891.253952672,3105376.18073155,457000,3105000,3.74407948630935
"247","DSNY_016",-81.393638,28.043948,461312.061294215,3102133.21403658,461000,3102000,0.760352623027181
"248","DSNY_016",-81.393638,28.043948,461312.061294215,3102133.21403658,461000,3102000,0.760352623027181
"249","DSNY_001",-81.418579,28.0967,458880.849564229,3107985.13949847,458000,3107000,1.65131869313487
"250","DSNY_016",-81.393638,28.043948,461312.061294215,3102133.21403658,461000,3102000,0.760352623027181
"251","DSNY_016",-81.393638,28.043948,461312.061294215,3102133.21403658,461000,3102000,0.760352623027181
"252","DSNY_016",-81.393638,28.043948,461312.061294215,3102133.21403658,461000,3102000,0.760352623027181
"253","DSNY_005",-81.393323,28.039641,461341.480926951,3101655.99639828,461000,3101000,1.38269266893812
"254","DSNY_005",-81.393323,28.039641,461341.480926951,3101655.99639828,461000,3101000,1.38269266893812
"255","DSNY_005",-81.393323,28.039641,461341.480926951,3101655.99639828,461000,3101000,1.38269266893812
"256","DSNY_009",-81.428559,28.073118,457891.253952672,3105376.18073155,457000,3105000,3.74407948630935
"257","DSNY_009",-81.428559,28.073118,457891.253952672,3105376.18073155,457000,3105000,3.74407948630935
"258","DSNY_009",-81.428559,28.073118,457891.253952672,3105376.18073155,457000,3105000,3.74407948630935
"259","DSNY_003",-81.425532,28.074209,458189.102159998,3105495.99630782,458000,3105000,3.45311126274876
"260","DSNY_003",-81.425532,28.074209,458189.102159998,3105495.99630782,458000,3105000,3.45311126274876
"261","DSNY_003",-81.425532,28.074209,458189.102159998,3105495.99630782,458000,3105000,3.45311126274876
"262","DSNY_004",-81.399974,28.099732,460709.634998344,3108314.87030971,460000,3108000,4.67806665540903
"263","DSNY_004",-81.399974,28.099732,460709.634998344,3108314.87030971,460000,3108000,4.67806665540903
"264","DSNY_004",-81.399974,28.099732,460709.634998344,3108314.87030971,460000,3108000,4.67806665540903
"265","DSNY_001",-81.418579,28.0967,458880.849564229,3107985.13949847,458000,3107000,1.65131869313487
"266","DSNY_001",-81.418579,28.0967,458880.849564229,3107985.13949847,458000,3107000,1.65131869313487
"267","DSNY_001",-81.418579,28.0967,458880.849564229,3107985.13949847,458000,3107000,1.65131869313487
"268","DSNY_044",-81.433661,28.126189,457410.902744368,3111257.08212889,457000,3111000,1.17883446380545
"269","DSNY_044",-81.433661,28.126189,457410.902744368,3111257.08212889,457000,3111000,1.17883446380545
"270","DSNY_044",-81.433661,28.126189,457410.902744368,3111257.08212889,457000,3111000,1.17883446380545
"271","DSNY_041",-81.432746,28.125082,457500.327634497,3111134.12956674,457000,3111000,1.17883446380545
"272","DSNY_041",-81.432746,28.125082,457500.327634497,3111134.12956674,457000,3111000,1.17883446380545
"273","DSNY_041",-81.432746,28.125082,457500.327634497,3111134.12956674,457000,3111000,1.17883446380545
"274","DSNY_042",-81.433949,28.122132,457381.013880219,3110807.75306492,457000,3110000,3.19662546832636
"275","DSNY_043",-81.43487,28.1232,457290.982964048,3110926.38818408,457000,3110000,3.19662546832636
"276","DSNY_043",-81.43487,28.1232,457290.982964048,3110926.38818408,457000,3110000,3.19662546832636
"277","DSNY_043",-81.43487,28.1232,457290.982964048,3110926.38818408,457000,3110000,3.19662546832636
"278","DSNY_043",-81.43487,28.1232,457290.982964048,3110926.38818408,457000,3110000,3.19662546832636
"279","DSNY_043",-81.43487,28.1232,457290.982964048,3110926.38818408,457000,3110000,3.19662546832636
"280","DSNY_043",-81.43487,28.1232,457290.982964048,3110926.38818408,457000,3110000,3.19662546832636
"281","DSNY_044",-81.433661,28.126189,457410.902744368,3111257.08212889,457000,3111000,1.17883446380545
"282","DSNY_044",-81.433661,28.126189,457410.902744368,3111257.08212889,457000,3111000,1.17883446380545
"283","DSNY_044",-81.433661,28.126189,457410.902744368,3111257.08212889,457000,3111000,1.17883446380545
"284","DSNY_041",-81.432746,28.125082,457500.327634497,3111134.12956674,457000,3111000,1.17883446380545
"285","DSNY_041",-81.432746,28.125082,457500.327634497,3111134.12956674,457000,3111000,1.17883446380545
"286","DSNY_041",-81.432746,28.125082,457500.327634497,3111134.12956674,457000,3111000,1.17883446380545
"287","DSNY_005",-81.393323,28.039641,461341.480926951,3101655.99639828,461000,3101000,1.38269266893812
"288","DSNY_005",-81.393323,28.039641,461341.480926951,3101655.99639828,461000,3101000,1.38269266893812
"289","DSNY_005",-81.393323,28.039641,461341.480926951,3101655.99639828,461000,3101000,1.38269266893812
"290","DSNY_016",-81.393638,28.043948,461312.061294215,3102133.21403658,461000,3102000,0.760352623027181
"291","DSNY_016",-81.393638,28.043948,461312.061294215,3102133.21403658,461000,3102000,0.760352623027181
"292","DSNY_016",-81.393638,28.043948,461312.061294215,3102133.21403658,461000,3102000,0.760352623027181
"293","DSNY_004",-81.399974,28.099732,460709.634998344,3108314.87030971,460000,3108000,4.67806665540903
"294","DSNY_004",-81.399974,28.099732,460709.634998344,3108314.87030971,460000,3108000,4.67806665540903
"295","DSNY_004",-81.399974,28.099732,460709.634998344,3108314.87030971,460000,3108000,4.67806665540903
"296","DSNY_001",-81.418579,28.0967,458880.849564229,3107985.13949847,458000,3107000,1.65131869313487
"297","DSNY_001",-81.418579,28.0967,458880.849564229,3107985.13949847,458000,3107000,1.65131869313487
"298","DSNY_001",-81.418579,28.0967,458880.849564229,3107985.13949847,458000,3107000,1.65131869313487
"299","DSNY_042",-81.433949,28.122132,457381.013880219,3110807.75306492,457000,3110000,3.19662546832636
"300","DSNY_042",-81.433949,28.122132,457381.013880219,3110807.75306492,457000,3110000,3.19662546832636
"301","DSNY_043",-81.43487,28.1232,457290.982964048,3110926.38818408,457000,3110000,3.19662546832636
"302","DSNY_043",-81.43487,28.1232,457290.982964048,3110926.38818408,457000,3110000,3.19662546832636
"303","DSNY_043",-81.43487,28.1232,457290.982964048,3110926.38818408,457000,3110000,3.19662546832636
"304","DSNY_016",-81.393638,28.043948,461312.061294215,3102133.21403658,461000,3102000,0.760352623027181
"305","DSNY_016",-81.393638,28.043948,461312.061294215,3102133.21403658,461000,3102000,0.760352623027181
"306","DSNY_016",-81.393638,28.043948,461312.061294215,3102133.21403658,461000,3102000,0.760352623027181
"307","DSNY_005",-81.393323,28.039641,461341.480926951,3101655.99639828,461000,3101000,1.38269266893812
"308","DSNY_005",-81.393323,28.039641,461341.480926951,3101655.99639828,461000,3101000,1.38269266893812
"309","DSNY_005",-81.393323,28.039641,461341.480926951,3101655.99639828,461000,3101000,1.38269266893812
"310","DSNY_003",-81.425532,28.074209,458189.102159998,3105495.99630782,458000,3105000,3.45311126274876
"311","DSNY_003",-81.425532,28.074209,458189.102159998,3105495.99630782,458000,3105000,3.45311126274876
"312","DSNY_003",-81.425532,28.074209,458189.102159998,3105495.99630782,458000,3105000,3.45311126274876
"313","DSNY_009",-81.428559,28.073118,457891.253952672,3105376.18073155,457000,3105000,3.74407948630935
"314","DSNY_009",-81.428559,28.073118,457891.253952672,3105376.18073155,457000,3105000,3.74407948630935
"315","DSNY_009",-81.428559,28.073118,457891.253952672,3105376.18073155,457000,3105000,3.74407948630935
"316","DSNY_042",-81.433949,28.122132,457381.013880219,3110807.75306492,457000,3110000,3.19662546832636
"317","DSNY_042",-81.433949,28.122132,457381.013880219,3110807.75306492,457000,3110000,3.19662546832636
"318","DSNY_042",-81.433949,28.122132,457381.013880219,3110807.75306492,457000,3110000,3.19662546832636
"319","DSNY_044",-81.433661,28.126189,457410.902744368,3111257.08212889,457000,3111000,1.17883446380545
"320","DSNY_044",-81.433661,28.126189,457410.902744368,3111257.08212889,457000,3111000,1.17883446380545
"321","DSNY_044",-81.433661,28.126189,457410.902744368,3111257.08212889,457000,3111000,1.17883446380545
"322","DSNY_041",-81.432746,28.125082,457500.327634497,3111134.12956674,457000,3111000,1.17883446380545
"323","DSNY_041",-81.432746,28.125082,457500.327634497,3111134.12956674,457000,3111000,1.17883446380545
"324","DSNY_041",-81.432746,28.125082,457500.327634497,3111134.12956674,457000,3111000,1.17883446380545
"325","DSNY_001",-81.418579,28.0967,458880.849564229,3107985.13949847,458000,3107000,1.65131869313487
"326","DSNY_001",-81.418579,28.0967,458880.849564229,3107985.13949847,458000,3107000,1.65131869313487
"327","DSNY_001",-81.418579,28.0967,458880.849564229,3107985.13949847,458000,3107000,1.65131869313487
"328","DSNY_004",-81.399974,28.099732,460709.634998344,3108314.87030971,460000,3108000,4.67806665540903
"329","DSNY_004",-81.399974,28.099732,460709.634998344,3108314.87030971,460000,3108000,4.67806665540903
"330","DSNY_004",-81.399974,28.099732,460709.634998344,3108314.87030971,460000,3108000,4.67806665540903
"331","DSNY_044",-81.433661,28.126189,457410.902744368,3111257.08212889,457000,3111000,1.17883446380545
"332","DSNY_044",-81.433661,28.126189,457410.902744368,3111257.08212889,457000,3111000,1.17883446380545
"333","DSNY_044",-81.433661,28.126189,457410.902744368,3111257.08212889,457000,3111000,1.17883446380545
"334","DSNY_003",-81.425532,28.074209,458189.102159998,3105495.99630782,458000,3105000,3.45311126274876
"335","DSNY_003",-81.425532,28.074209,458189.102159998,3105495.99630782,458000,3105000,3.45311126274876
"336","DSNY_003",-81.425532,28.074209,458189.102159998,3105495.99630782,458000,3105000,3.45311126274876
"337","DSNY_009",-81.428559,28.073118,457891.253952672,3105376.18073155,457000,3105000,3.74407948630935
"338","DSNY_009",-81.428559,28.073118,457891.253952672,3105376.18073155,457000,3105000,3.74407948630935
"339","DSNY_009",-81.428559,28.073118,457891.253952672,3105376.18073155,457000,3105000,3.74407948630935
"340","DSNY_016",-81.393638,28.043948,461312.061294215,3102133.21403658,461000,3102000,0.760352623027181
"341","DSNY_016",-81.393638,28.043948,461312.061294215,3102133.21403658,461000,3102000,0.760352623027181
"342","DSNY_016",-81.393638,28.043948,461312.061294215,3102133.21403658,461000,3102000,0.760352623027181
"343","DSNY_005",-81.393323,28.039641,461341.480926951,3101655.99639828,461000,3101000,1.38269266893812
"344","DSNY_005",-81.393323,28.039641,461341.480926951,3101655.99639828,461000,3101000,1.38269266893812
"345","DSNY_005",-81.393323,28.039641,461341.480926951,3101655.99639828,461000,3101000,1.38269266893812
"346","DSNY_004",-81.399974,28.099732,460709.634998344,3108314.87030971,460000,3108000,4.67806665540903
"347","DSNY_004",-81.399974,28.099732,460709.634998344,3108314.87030971,460000,3108000,4.67806665540903
"348","DSNY_004",-81.399974,28.099732,460709.634998344,3108314.87030971,460000,3108000,4.67806665540903
"349","DSNY_043",-81.43487,28.1232,457290.982964048,3110926.38818408,457000,3110000,3.19662546832636
"350","DSNY_043",-81.43487,28.1232,457290.982964048,3110926.38818408,457000,3110000,3.19662546832636
"351","DSNY_043",-81.43487,28.1232,457290.982964048,3110926.38818408,457000,3110000,3.19662546832636
"352","DSNY_042",-81.433949,28.122132,457381.013880219,3110807.75306492,457000,3110000,3.19662546832636
"353","DSNY_042",-81.433949,28.122132,457381.013880219,3110807.75306492,457000,3110000,3.19662546832636
"354","DSNY_042",-81.433949,28.122132,457381.013880219,3110807.75306492,457000,3110000,3.19662546832636
"355","DSNY_041",-81.432746,28.125082,457500.327634497,3111134.12956674,457000,3111000,1.17883446380545
"356","DSNY_041",-81.432746,28.125082,457500.327634497,3111134.12956674,457000,3111000,1.17883446380545
"357","DSNY_041",-81.432746,28.125082,457500.327634497,3111134.12956674,457000,3111000,1.17883446380545
"358","DSNY_001",-81.418579,28.0967,458880.849564229,3107985.13949847,458000,3107000,1.65131869313487
"359","DSNY_001",-81.418579,28.0967,458880.849564229,3107985.13949847,458000,3107000,1.65131869313487
"360","DSNY_001",-81.418579,28.0967,458880.849564229,3107985.13949847,458000,3107000,1.65131869313487
"361","DSNY_003",-81.425532,28.074209,458189.102159998,3105495.99630782,458000,3105000,3.45311126274876
"362","DSNY_003",-81.425532,28.074209,458189.102159998,3105495.99630782,458000,3105000,3.45311126274876
"363","DSNY_003",-81.425532,28.074209,458189.102159998,3105495.99630782,458000,3105000,3.45311126274876
"364","DSNY_041",-81.432746,28.125082,457500.327634497,3111134.12956674,457000,3111000,1.17883446380545
"365","DSNY_041",-81.432746,28.125082,457500.327634497,3111134.12956674,457000,3111000,1.17883446380545
"366","DSNY_041",-81.432746,28.125082,457500.327634497,3111134.12956674,457000,3111000,1.17883446380545
"367","DSNY_009",-81.428559,28.073118,457891.253952672,3105376.18073155,457000,3105000,3.74407948630935
"368","DSNY_009",-81.428559,28.073118,457891.253952672,3105376.18073155,457000,3105000,3.74407948630935
"369","DSNY_009",-81.428559,28.073118,457891.253952672,3105376.18073155,457000,3105000,3.74407948630935
"370","DSNY_016",-81.393638,28.043948,461312.061294215,3102133.21403658,461000,3102000,0.760352623027181
"371","DSNY_016",-81.393638,28.043948,461312.061294215,3102133.21403658,461000,3102000,0.760352623027181
"372","DSNY_016",-81.393638,28.043948,461312.061294215,3102133.21403658,461000,3102000,0.760352623027181
"373","DSNY_004",-81.399974,28.099732,460709.634998344,3108314.87030971,460000,3108000,4.67806665540903
"374","DSNY_004",-81.399974,28.099732,460709.634998344,3108314.87030971,460000,3108000,4.67806665540903
"375","DSNY_004",-81.399974,28.099732,460709.634998344,3108314.87030971,460000,3108000,4.67806665540903
"376","DSNY_005",-81.393323,28.039641,461341.480926951,3101655.99639828,461000,3101000,1.38269266893812
"377","DSNY_005",-81.393323,28.039641,461341.480926951,3101655.99639828,461000,3101000,1.38269266893812
"378","DSNY_005",-81.393323,28.039641,461341.480926951,3101655.99639828,461000,3101000,1.38269266893812
"379","DSNY_043",-81.43487,28.1232,457290.982964048,3110926.38818408,457000,3110000,3.19662546832636
"380","DSNY_043",-81.43487,28.1232,457290.982964048,3110926.38818408,457000,3110000,3.19662546832636
"381","DSNY_043",-81.43487,28.1232,457290.982964048,3110926.38818408,457000,3110000,3.19662546832636
"382","DSNY_044",-81.433661,28.126189,457410.902744368,3111257.08212889,457000,3111000,1.17883446380545
"383","DSNY_005",-81.393323,28.039641,461341.480926951,3101655.99639828,461000,3101000,1.38269266893812
"384","DSNY_044",-81.433661,28.126189,457410.902744368,3111257.08212889,457000,3111000,1.17883446380545
"385","DSNY_005",-81.393323,28.039641,461341.480926951,3101655.99639828,461000,3101000,1.38269266893812
"386","DSNY_005",-81.393323,28.039641,461341.480926951,3101655.99639828,461000,3101000,1.38269266893812
"387","DSNY_044",-81.433661,28.126189,457410.902744368,3111257.08212889,457000,3111000,1.17883446380545
"388","DSNY_041",-81.432746,28.125082,457500.327634497,3111134.12956674,457000,3111000,1.17883446380545
"389","DSNY_016",-81.393638,28.043948,461312.061294215,3102133.21403658,461000,3102000,0.760352623027181
"390","DSNY_016",-81.393638,28.043948,461312.061294215,3102133.21403658,461000,3102000,0.760352623027181
"391","DSNY_041",-81.432746,28.125082,457500.327634497,3111134.12956674,457000,3111000,1.17883446380545
"392","DSNY_016",-81.393638,28.043948,461312.061294215,3102133.21403658,461000,3102000,0.760352623027181
"393","DSNY_041",-81.432746,28.125082,457500.327634497,3111134.12956674,457000,3111000,1.17883446380545
"394","DSNY_004",-81.399974,28.099732,460709.634998344,3108314.87030971,460000,3108000,4.67806665540903
"395","DSNY_004",-81.399974,28.099732,460709.634998344,3108314.87030971,460000,3108000,4.67806665540903
"396","DSNY_004",-81.399974,28.099732,460709.634998344,3108314.87030971,460000,3108000,4.67806665540903
"397","DSNY_003",-81.425532,28.074209,458189.102159998,3105495.99630782,458000,3105000,3.45311126274876
"398","DSNY_003",-81.425532,28.074209,458189.102159998,3105495.99630782,458000,3105000,3.45311126274876
"399","DSNY_003",-81.425532,28.074209,458189.102159998,3105495.99630782,458000,3105000,3.45311126274876
"400","DSNY_009",-81.428559,28.073118,457891.253952672,3105376.18073155,457000,3105000,3.74407948630935
"401","DSNY_009",-81.428559,28.073118,457891.253952672,3105376.18073155,457000,3105000,3.74407948630935
"402","DSNY_009",-81.428559,28.073118,457891.253952672,3105376.18073155,457000,3105000,3.74407948630935
"403","DSNY_043",-81.43487,28.1232,457290.982964048,3110926.38818408,457000,3110000,3.19662546832636
"404","DSNY_043",-81.43487,28.1232,457290.982964048,3110926.38818408,457000,3110000,3.19662546832636
"405","DSNY_001",-81.418579,28.0967,458880.849564229,3107985.13949847,458000,3107000,1.65131869313487
"406","DSNY_043",-81.43487,28.1232,457290.982964048,3110926.38818408,457000,3110000,3.19662546832636
"407","DSNY_001",-81.418579,28.0967,458880.849564229,3107985.13949847,458000,3107000,1.65131869313487
"408","DSNY_001",-81.418579,28.0967,458880.849564229,3107985.13949847,458000,3107000,1.65131869313487
"409","DSNY_042",-81.433949,28.122132,457381.013880219,3110807.75306492,457000,3110000,3.19662546832636
"410","DSNY_042",-81.433949,28.122132,457381.013880219,3110807.75306492,457000,3110000,3.19662546832636
"411","DSNY_042",-81.433949,28.122132,457381.013880219,3110807.75306492,457000,3110000,3.19662546832636
"412","DSNY_005",-81.393323,28.039641,461341.480926951,3101655.99639828,461000,3101000,1.38269266893812
"413","DSNY_005",-81.393323,28.039641,461341.480926951,3101655.99639828,461000,3101000,1.38269266893812
"414","DSNY_005",-81.393323,28.039641,461341.480926951,3101655.99639828,461000,3101000,1.38269266893812
"415","DSNY_005",-81.393323,28.039641,461341.480926951,3101655.99639828,461000,3101000,1.38269266893812
"416","DSNY_005",-81.393323,28.039641,461341.480926951,3101655.99639828,461000,3101000,1.38269266893812
"417","DSNY_005",-81.393323,28.039641,461341.480926951,3101655.99639828,461000,3101000,1.38269266893812
"418","DSNY_016",-81.393638,28.043948,461312.061294215,3102133.21403658,461000,3102000,0.760352623027181
"419","DSNY_016",-81.393638,28.043948,461312.061294215,3102133.21403658,461000,3102000,0.760352623027181
"420","DSNY_004",-81.399974,28.099732,460709.634998344,3108314.87030971,460000,3108000,4.67806665540903
"421","DSNY_004",-81.399974,28.099732,460709.634998344,3108314.87030971,460000,3108000,4.67806665540903
"422","DSNY_004",-81.399974,28.099732,460709.634998344,3108314.87030971,460000,3108000,4.67806665540903
"423","DSNY_004",-81.399974,28.099732,460709.634998344,3108314.87030971,460000,3108000,4.67806665540903
"424","DSNY_016",-81.393638,28.043948,461312.061294215,3102133.21403658,461000,3102000,0.760352623027181
"425","DSNY_016",-81.393638,28.043948,461312.061294215,3102133.21403658,461000,3102000,0.760352623027181
"426","DSNY_004",-81.399974,28.099732,460709.634998344,3108314.87030971,460000,3108000,4.67806665540903
"427","DSNY_004",-81.399974,28.099732,460709.634998344,3108314.87030971,460000,3108000,4.67806665540903
"428","DSNY_016",-81.393638,28.043948,461312.061294215,3102133.21403658,461000,3102000,0.760352623027181
"429","DSNY_016",-81.393638,28.043948,461312.061294215,3102133.21403658,461000,3102000,0.760352623027181
"430","DSNY_042",-81.433949,28.122132,457381.013880219,3110807.75306492,457000,3110000,3.19662546832636
"431","DSNY_042",-81.433949,28.122132,457381.013880219,3110807.75306492,457000,3110000,3.19662546832636
"432","DSNY_001",-81.418579,28.0967,458880.849564229,3107985.13949847,458000,3107000,1.65131869313487
"433","DSNY_001",-81.418579,28.0967,458880.849564229,3107985.13949847,458000,3107000,1.65131869313487
"434","DSNY_042",-81.433949,28.122132,457381.013880219,3110807.75306492,457000,3110000,3.19662546832636
"435","DSNY_042",-81.433949,28.122132,457381.013880219,3110807.75306492,457000,3110000,3.19662546832636
"436","DSNY_001",-81.418579,28.0967,458880.849564229,3107985.13949847,458000,3107000,1.65131869313487
"437","DSNY_001",-81.418579,28.0967,458880.849564229,3107985.13949847,458000,3107000,1.65131869313487
"438","DSNY_042",-81.433949,28.122132,457381.013880219,3110807.75306492,457000,3110000,3.19662546832636
"439","DSNY_042",-81.433949,28.122132,457381.013880219,3110807.75306492,457000,3110000,3.19662546832636
"440","DSNY_001",-81.418579,28.0967,458880.849564229,3107985.13949847,458000,3107000,1.65131869313487
"441","DSNY_001",-81.418579,28.0967,458880.849564229,3107985.13949847,458000,3107000,1.65131869313487
"442","DSNY_043",-81.43487,28.1232,457290.982964048,3110926.38818408,457000,3110000,3.19662546832636
"443","DSNY_043",-81.43487,28.1232,457290.982964048,3110926.38818408,457000,3110000,3.19662546832636
"444","DSNY_043",-81.43487,28.1232,457290.982964048,3110926.38818408,457000,3110000,3.19662546832636
"445","DSNY_043",-81.43487,28.1232,457290.982964048,3110926.38818408,457000,3110000,3.19662546832636
"446","DSNY_043",-81.43487,28.1232,457290.982964048,3110926.38818408,457000,3110000,3.19662546832636
"447","DSNY_043",-81.43487,28.1232,457290.982964048,3110926.38818408,457000,3110000,3.19662546832636
"448","DSNY_044",-81.433661,28.126189,457410.902744368,3111257.08212889,457000,3111000,1.17883446380545
"449","DSNY_044",-81.433661,28.126189,457410.902744368,3111257.08212889,457000,3111000,1.17883446380545
"450","DSNY_044",-81.433661,28.126189,457410.902744368,3111257.08212889,457000,3111000,1.17883446380545
"451","DSNY_044",-81.433661,28.126189,457410.902744368,3111257.08212889,457000,3111000,1.17883446380545
"452","DSNY_044",-81.433661,28.126189,457410.902744368,3111257.08212889,457000,3111000,1.17883446380545
"453","DSNY_044",-81.433661,28.126189,457410.902744368,3111257.08212889,457000,3111000,1.17883446380545
"454","DSNY_041",-81.432746,28.125082,457500.327634497,3111134.12956674,457000,3111000,1.17883446380545
"455","DSNY_041",-81.432746,28.125082,457500.327634497,3111134.12956674,457000,3111000,1.17883446380545
"456","DSNY_041",-81.432746,28.125082,457500.327634497,3111134.12956674,457000,3111000,1.17883446380545
"457","DSNY_041",-81.432746,28.125082,457500.327634497,3111134.12956674,457000,3111000,1.17883446380545
"458","DSNY_041",-81.432746,28.125082,457500.327634497,3111134.12956674,457000,3111000,1.17883446380545
"459","DSNY_041",-81.432746,28.125082,457500.327634497,3111134.12956674,457000,3111000,1.17883446380545
"460","DSNY_009",-81.428559,28.073118,457891.253952672,3105376.18073155,457000,3105000,3.74407948630935
"461","DSNY_009",-81.428559,28.073118,457891.253952672,3105376.18073155,457000,3105000,3.74407948630935
"462","DSNY_009",-81.428559,28.073118,457891.253952672,3105376.18073155,457000,3105000,3.74407948630935
"463","DSNY_009",-81.428559,28.073118,457891.253952672,3105376.18073155,457000,3105000,3.74407948630935
"464","DSNY_009",-81.428559,28.073118,457891.253952672,3105376.18073155,457000,3105000,3.74407948630935
"465","DSNY_009",-81.428559,28.073118,457891.253952672,3105376.18073155,457000,3105000,3.74407948630935
"466","DSNY_003",-81.425532,28.074209,458189.102159998,3105495.99630782,458000,3105000,3.45311126274876
"467","DSNY_003",-81.425532,28.074209,458189.102159998,3105495.99630782,458000,3105000,3.45311126274876
"468","DSNY_003",-81.425532,28.074209,458189.102159998,3105495.99630782,458000,3105000,3.45311126274876
"469","DSNY_003",-81.425532,28.074209,458189.102159998,3105495.99630782,458000,3105000,3.45311126274876
"470","DSNY_003",-81.425532,28.074209,458189.102159998,3105495.99630782,458000,3105000,3.45311126274876
"471","DSNY_003",-81.425532,28.074209,458189.102159998,3105495.99630782,458000,3105000,3.45311126274876
"472","DSNY_005",-81.393323,28.039641,461341.480926951,3101655.99639828,461000,3101000,1.38269266893812
"473","DSNY_005",-81.393323,28.039641,461341.480926951,3101655.99639828,461000,3101000,1.38269266893812
"474","DSNY_005",-81.393323,28.039641,461341.480926951,3101655.99639828,461000,3101000,1.38269266893812
"475","DSNY_044",-81.433661,28.126189,457410.902744368,3111257.08212889,457000,3111000,1.17883446380545
"476","DSNY_044",-81.433661,28.126189,457410.902744368,3111257.08212889,457000,3111000,1.17883446380545
"477","DSNY_044",-81.433661,28.126189,457410.902744368,3111257.08212889,457000,3111000,1.17883446380545
"478","DSNY_004",-81.399974,28.099732,460709.634998344,3108314.87030971,460000,3108000,4.67806665540903
"479","DSNY_004",-81.399974,28.099732,460709.634998344,3108314.87030971,460000,3108000,4.67806665540903
"480","DSNY_041",-81.432746,28.125082,457500.327634497,3111134.12956674,457000,3111000,1.17883446380545
"481","DSNY_041",-81.432746,28.125082,457500.327634497,3111134.12956674,457000,3111000,1.17883446380545
"482","DSNY_004",-81.399974,28.099732,460709.634998344,3108314.87030971,460000,3108000,4.67806665540903
"483","DSNY_041",-81.432746,28.125082,457500.327634497,3111134.12956674,457000,3111000,1.17883446380545
"484","DSNY_042",-81.433949,28.122132,457381.013880219,3110807.75306492,457000,3110000,3.19662546832636
"485","DSNY_001",-81.418579,28.0967,458880.849564229,3107985.13949847,458000,3107000,1.65131869313487
"486","DSNY_001",-81.418579,28.0967,458880.849564229,3107985.13949847,458000,3107000,1.65131869313487
"487","DSNY_001",-81.418579,28.0967,458880.849564229,3107985.13949847,458000,3107000,1.65131869313487
"488","DSNY_042",-81.433949,28.122132,457381.013880219,3110807.75306492,457000,3110000,3.19662546832636
"489","DSNY_003",-81.425532,28.074209,458189.102159998,3105495.99630782,458000,3105000,3.45311126274876
"490","DSNY_042",-81.433949,28.122132,457381.013880219,3110807.75306492,457000,3110000,3.19662546832636
"491","DSNY_003",-81.425532,28.074209,458189.102159998,3105495.99630782,458000,3105000,3.45311126274876
"492","DSNY_006",-81.399332,28.092969,460770.24151496,3107565.47023988,460000,3107000,2.07282234357064
"493","DSNY_006",-81.399332,28.092969,460770.24151496,3107565.47023988,460000,3107000,2.07282234357064
"494","DSNY_006",-81.399332,28.092969,460770.24151496,3107565.47023988,460000,3107000,2.07282234357064
"495","DSNY_009",-81.428559,28.073118,457891.253952672,3105376.18073155,457000,3105000,3.74407948630935
"496","DSNY_043",-81.43487,28.1232,457290.982964048,3110926.38818408,457000,3110000,3.19662546832636
"497","DSNY_043",-81.43487,28.1232,457290.982964048,3110926.38818408,457000,3110000,3.19662546832636
"498","DSNY_009",-81.428559,28.073118,457891.253952672,3105376.18073155,457000,3105000,3.74407948630935
"499","DSNY_043",-81.43487,28.1232,457290.982964048,3110926.38818408,457000,3110000,3.19662546832636
"500","DSNY_009",-81.428559,28.073118,457891.253952672,3105376.18073155,457000,3105000,3.74407948630935
"501","DSNY_003",-81.425532,28.074209,458189.102159998,3105495.99630782,458000,3105000,3.45311126274876
"502","DSNY_005",-81.393323,28.039641,461341.480926951,3101655.99639828,461000,3101000,1.38269266893812
"503","DSNY_005",-81.393323,28.039641,461341.480926951,3101655.99639828,461000,3101000,1.38269266893812
"504","DSNY_005",-81.393323,28.039641,461341.480926951,3101655.99639828,461000,3101000,1.38269266893812
"505","DSNY_044",-81.433661,28.126189,457410.902744368,3111257.08212889,457000,3111000,1.17883446380545
"506","DSNY_044",-81.433661,28.126189,457410.902744368,3111257.08212889,457000,3111000,1.17883446380545
"507","DSNY_044",-81.433661,28.126189,457410.902744368,3111257.08212889,457000,3111000,1.17883446380545
"508","DSNY_004",-81.399974,28.099732,460709.634998344,3108314.87030971,460000,3108000,4.67806665540903
"509","DSNY_004",-81.399974,28.099732,460709.634998344,3108314.87030971,460000,3108000,4.67806665540903
"510","DSNY_041",-81.432746,28.125082,457500.327634497,3111134.12956674,457000,3111000,1.17883446380545
"511","DSNY_041",-81.432746,28.125082,457500.327634497,3111134.12956674,457000,3111000,1.17883446380545
"512","DSNY_004",-81.399974,28.099732,460709.634998344,3108314.87030971,460000,3108000,4.67806665540903
"513","DSNY_041",-81.432746,28.125082,457500.327634497,3111134.12956674,457000,3111000,1.17883446380545
"514","DSNY_042",-81.433949,28.122132,457381.013880219,3110807.75306492,457000,3110000,3.19662546832636
"515","DSNY_001",-81.418579,28.0967,458880.849564229,3107985.13949847,458000,3107000,1.65131869313487
"516","DSNY_001",-81.418579,28.0967,458880.849564229,3107985.13949847,458000,3107000,1.65131869313487
"517","DSNY_001",-81.418579,28.0967,458880.849564229,3107985.13949847,458000,3107000,1.65131869313487
"518","DSNY_042",-81.433949,28.122132,457381.013880219,3110807.75306492,457000,3110000,3.19662546832636
"519","DSNY_003",-81.425532,28.074209,458189.102159998,3105495.99630782,458000,3105000,3.45311126274876
"520","DSNY_042",-81.433949,28.122132,457381.013880219,3110807.75306492,457000,3110000,3.19662546832636
"521","DSNY_003",-81.425532,28.074209,458189.102159998,3105495.99630782,458000,3105000,3.45311126274876
"522","DSNY_006",-81.399332,28.092969,460770.24151496,3107565.47023988,460000,3107000,2.07282234357064
"523","DSNY_006",-81.399332,28.092969,460770.24151496,3107565.47023988,460000,3107000,2.07282234357064
"524","DSNY_006",-81.399332,28.092969,460770.24151496,3107565.47023988,460000,3107000,2.07282234357064
"525","DSNY_009",-81.428559,28.073118,457891.253952672,3105376.18073155,457000,3105000,3.74407948630935
"526","DSNY_043",-81.43487,28.1232,457290.982964048,3110926.38818408,457000,3110000,3.19662546832636
"527","DSNY_043",-81.43487,28.1232,457290.982964048,3110926.38818408,457000,3110000,3.19662546832636
"528","DSNY_009",-81.428559,28.073118,457891.253952672,3105376.18073155,457000,3105000,3.74407948630935
"529","DSNY_043",-81.43487,28.1232,457290.982964048,3110926.38818408,457000,3110000,3.19662546832636
"530","DSNY_009",-81.428559,28.073118,457891.253952672,3105376.18073155,457000,3105000,3.74407948630935
"531","DSNY_003",-81.425532,28.074209,458189.102159998,3105495.99630782,458000,3105000,3.45311126274876
"532","DSNY_004",-81.399974,28.099732,460709.634998344,3108314.87030971,460000,3108000,4.67806665540903
"533","DSNY_004",-81.399974,28.099732,460709.634998344,3108314.87030971,460000,3108000,4.67806665540903
"534","DSNY_003",-81.425532,28.074209,458189.102159998,3105495.99630782,458000,3105000,3.45311126274876
"535","DSNY_003",-81.425532,28.074209,458189.102159998,3105495.99630782,458000,3105000,3.45311126274876
"536","DSNY_003",-81.425532,28.074209,458189.102159998,3105495.99630782,458000,3105000,3.45311126274876
"537","DSNY_006",-81.399332,28.092969,460770.24151496,3107565.47023988,460000,3107000,2.07282234357064
"538","DSNY_009",-81.428559,28.073118,457891.253952672,3105376.18073155,457000,3105000,3.74407948630935
"539","DSNY_006",-81.399332,28.092969,460770.24151496,3107565.47023988,460000,3107000,2.07282234357064
"540","DSNY_009",-81.428559,28.073118,457891.253952672,3105376.18073155,457000,3105000,3.74407948630935
"541","DSNY_009",-81.428559,28.073118,457891.253952672,3105376.18073155,457000,3105000,3.74407948630935
"542","DSNY_006",-81.399332,28.092969,460770.24151496,3107565.47023988,460000,3107000,2.07282234357064
"543","DSNY_005",-81.393323,28.039641,461341.480926951,3101655.99639828,461000,3101000,1.38269266893812
"544","DSNY_005",-81.393323,28.039641,461341.480926951,3101655.99639828,461000,3101000,1.38269266893812
"545","DSNY_005",-81.393323,28.039641,461341.480926951,3101655.99639828,461000,3101000,1.38269266893812
"546","DSNY_004",-81.399974,28.099732,460709.634998344,3108314.87030971,460000,3108000,4.67806665540903
"547","DSNY_001",-81.418579,28.0967,458880.849564229,3107985.13949847,458000,3107000,1.65131869313487
"548","DSNY_001",-81.418579,28.0967,458880.849564229,3107985.13949847,458000,3107000,1.65131869313487
"549","DSNY_001",-81.418579,28.0967,458880.849564229,3107985.13949847,458000,3107000,1.65131869313487
"550","DSNY_042",-81.433949,28.122132,457381.013880219,3110807.75306492,457000,3110000,3.19662546832636
"551","DSNY_042",-81.433949,28.122132,457381.013880219,3110807.75306492,457000,3110000,3.19662546832636
"552","DSNY_042",-81.433949,28.122132,457381.013880219,3110807.75306492,457000,3110000,3.19662546832636
"553","DSNY_043",-81.43487,28.1232,457290.982964048,3110926.38818408,457000,3110000,3.19662546832636
"554","DSNY_043",-81.43487,28.1232,457290.982964048,3110926.38818408,457000,3110000,3.19662546832636
"555","DSNY_043",-81.43487,28.1232,457290.982964048,3110926.38818408,457000,3110000,3.19662546832636
"556","DSNY_044",-81.433661,28.126189,457410.902744368,3111257.08212889,457000,3111000,1.17883446380545
"557","DSNY_044",-81.433661,28.126189,457410.902744368,3111257.08212889,457000,3111000,1.17883446380545
"558","DSNY_044",-81.433661,28.126189,457410.902744368,3111257.08212889,457000,3111000,1.17883446380545
"559","DSNY_041",-81.432746,28.125082,457500.327634497,3111134.12956674,457000,3111000,1.17883446380545
"560","DSNY_041",-81.432746,28.125082,457500.327634497,3111134.12956674,457000,3111000,1.17883446380545
"561","DSNY_041",-81.432746,28.125082,457500.327634497,3111134.12956674,457000,3111000,1.17883446380545
"562","DSNY_004",-81.399974,28.099732,460709.634998344,3108314.87030971,460000,3108000,4.67806665540903
"563","DSNY_004",-81.399974,28.099732,460709.634998344,3108314.87030971,460000,3108000,4.67806665540903
"564","DSNY_003",-81.425532,28.074209,458189.102159998,3105495.99630782,458000,3105000,3.45311126274876
"565","DSNY_003",-81.425532,28.074209,458189.102159998,3105495.99630782,458000,3105000,3.45311126274876
"566","DSNY_003",-81.425532,28.074209,458189.102159998,3105495.99630782,458000,3105000,3.45311126274876
"567","DSNY_006",-81.399332,28.092969,460770.24151496,3107565.47023988,460000,3107000,2.07282234357064
"568","DSNY_009",-81.428559,28.073118,457891.253952672,3105376.18073155,457000,3105000,3.74407948630935
"569","DSNY_006",-81.399332,28.092969,460770.24151496,3107565.47023988,460000,3107000,2.07282234357064
"570","DSNY_009",-81.428559,28.073118,457891.253952672,3105376.18073155,457000,3105000,3.74407948630935
"571","DSNY_009",-81.428559,28.073118,457891.253952672,3105376.18073155,457000,3105000,3.74407948630935
"572","DSNY_006",-81.399332,28.092969,460770.24151496,3107565.47023988,460000,3107000,2.07282234357064
"573","DSNY_005",-81.393323,28.039641,461341.480926951,3101655.99639828,461000,3101000,1.38269266893812
"574","DSNY_005",-81.393323,28.039641,461341.480926951,3101655.99639828,461000,3101000,1.38269266893812
"575","DSNY_005",-81.393323,28.039641,461341.480926951,3101655.99639828,461000,3101000,1.38269266893812
"576","DSNY_004",-81.399974,28.099732,460709.634998344,3108314.87030971,460000,3108000,4.67806665540903
"577","DSNY_001",-81.418579,28.0967,458880.849564229,3107985.13949847,458000,3107000,1.65131869313487
"578","DSNY_001",-81.418579,28.0967,458880.849564229,3107985.13949847,458000,3107000,1.65131869313487
"579","DSNY_001",-81.418579,28.0967,458880.849564229,3107985.13949847,458000,3107000,1.65131869313487
"580","DSNY_042",-81.433949,28.122132,457381.013880219,3110807.75306492,457000,3110000,3.19662546832636
"581","DSNY_042",-81.433949,28.122132,457381.013880219,3110807.75306492,457000,3110000,3.19662546832636
"582","DSNY_042",-81.433949,28.122132,457381.013880219,3110807.75306492,457000,3110000,3.19662546832636
"583","DSNY_043",-81.43487,28.1232,457290.982964048,3110926.38818408,457000,3110000,3.19662546832636
"584","DSNY_043",-81.43487,28.1232,457290.982964048,3110926.38818408,457000,3110000,3.19662546832636
"585","DSNY_043",-81.43487,28.1232,457290.982964048,3110926.38818408,457000,3110000,3.19662546832636
"586","DSNY_044",-81.433661,28.126189,457410.902744368,3111257.08212889,457000,3111000,1.17883446380545
"587","DSNY_044",-81.433661,28.126189,457410.902744368,3111257.08212889,457000,3111000,1.17883446380545
"588","DSNY_044",-81.433661,28.126189,457410.902744368,3111257.08212889,457000,3111000,1.17883446380545
"589","DSNY_041",-81.432746,28.125082,457500.327634497,3111134.12956674,457000,3111000,1.17883446380545
"590","DSNY_041",-81.432746,28.125082,457500.327634497,3111134.12956674,457000,3111000,1.17883446380545
"591","DSNY_041",-81.432746,28.125082,457500.327634497,3111134.12956674,457000,3111000,1.17883446380545
