"","plot ID","Long","Lat","UTM east","UTM north","UTM east of lower left","UTM north of lower left","Mean CHM"
"1","STER_016",-103.030754,40.463856,666956.579583773,4481105.14175602,666000,4481000,0.0260915894005298
"2","STER_016",-103.030754,40.463856,666956.579583773,4481105.14175602,666000,4481000,0.0260915894005298
"3","STER_016",-103.030754,40.463856,666956.579583773,4481105.14175602,666000,4481000,0.0260915894005298
"4","STER_003",-103.032104,40.465235,666838.703173733,4481255.67078423,666000,4481000,0.0260915894005298
"5","STER_003",-103.032104,40.465235,666838.703173733,4481255.67078423,666000,4481000,0.0260915894005298
"6","STER_003",-103.032104,40.465235,666838.703173733,4481255.67078423,666000,4481000,0.0260915894005298
"7","STER_004",-103.03289,40.463078,666777.398936914,4481014.73734383,666000,4481000,0.0260915894005298
"8","STER_004",-103.03289,40.463078,666777.398936914,4481014.73734383,666000,4481000,0.0260915894005298
"9","STER_004",-103.03289,40.463078,666777.398936914,4481014.73734383,666000,4481000,0.0260915894005298
"10","STER_005",-103.033324,40.460659,666746.584721581,4480745.38513228,666000,4480000,0.0109974097342492
"11","STER_005",-103.033324,40.460659,666746.584721581,4480745.38513228,666000,4480000,0.0109974097342492
"12","STER_005",-103.033324,40.460659,666746.584721581,4480745.38513228,666000,4480000,0.0109974097342492
"13","STER_005",-103.033324,40.460659,666746.584721581,4480745.38513228,666000,4480000,0.0109974097342492
"14","STER_005",-103.033324,40.460659,666746.584721581,4480745.38513228,666000,4480000,0.0109974097342492
"15","STER_003",-103.032104,40.465235,666838.703173733,4481255.67078423,666000,4481000,0.0260915894005298
"16","STER_003",-103.032104,40.465235,666838.703173733,4481255.67078423,666000,4481000,0.0260915894005298
"17","STER_006",-103.035332,40.463935,666568.228125937,4481105.26035748,666000,4481000,0.0260915894005298
"18","STER_006",-103.035332,40.463935,666568.228125937,4481105.26035748,666000,4481000,0.0260915894005298
"19","STER_003",-103.032104,40.465235,666838.703173733,4481255.67078423,666000,4481000,0.0260915894005298
"20","STER_006",-103.035332,40.463935,666568.228125937,4481105.26035748,666000,4481000,0.0260915894005298
"21","STER_004",-103.03289,40.463078,666777.398936914,4481014.73734383,666000,4481000,0.0260915894005298
"22","STER_004",-103.03289,40.463078,666777.398936914,4481014.73734383,666000,4481000,0.0260915894005298
"23","STER_004",-103.03289,40.463078,666777.398936914,4481014.73734383,666000,4481000,0.0260915894005298
"24","STER_005",-103.033324,40.460659,666746.584721581,4480745.38513228,666000,4480000,0.0109974097342492
"25","STER_005",-103.033324,40.460659,666746.584721581,4480745.38513228,666000,4480000,0.0109974097342492
"26","STER_005",-103.033324,40.460659,666746.584721581,4480745.38513228,666000,4480000,0.0109974097342492
"27","STER_005",-103.033324,40.460659,666746.584721581,4480745.38513228,666000,4480000,0.0109974097342492
"28","STER_004",-103.03289,40.463078,666777.398936914,4481014.73734383,666000,4481000,0.0260915894005298
"29","STER_004",-103.03289,40.463078,666777.398936914,4481014.73734383,666000,4481000,0.0260915894005298
"30","STER_004",-103.03289,40.463078,666777.398936914,4481014.73734383,666000,4481000,0.0260915894005298
"31","STER_003",-103.032104,40.465235,666838.703173733,4481255.67078423,666000,4481000,0.0260915894005298
"32","STER_003",-103.032104,40.465235,666838.703173733,4481255.67078423,666000,4481000,0.0260915894005298
"33","STER_003",-103.032104,40.465235,666838.703173733,4481255.67078423,666000,4481000,0.0260915894005298
"34","STER_006",-103.035332,40.463935,666568.228125937,4481105.26035748,666000,4481000,0.0260915894005298
"35","STER_006",-103.035332,40.463935,666568.228125937,4481105.26035748,666000,4481000,0.0260915894005298
"36","STER_006",-103.035332,40.463935,666568.228125937,4481105.26035748,666000,4481000,0.0260915894005298
"37","STER_004",-103.03289,40.463078,666777.398936914,4481014.73734383,666000,4481000,0.0260915894005298
"38","STER_004",-103.03289,40.463078,666777.398936914,4481014.73734383,666000,4481000,0.0260915894005298
"39","STER_004",-103.03289,40.463078,666777.398936914,4481014.73734383,666000,4481000,0.0260915894005298
"40","STER_005",-103.033324,40.460659,666746.584721581,4480745.38513228,666000,4480000,0.0109974097342492
"41","STER_005",-103.033324,40.460659,666746.584721581,4480745.38513228,666000,4480000,0.0109974097342492
"42","STER_005",-103.033324,40.460659,666746.584721581,4480745.38513228,666000,4480000,0.0109974097342492
"43","STER_003",-103.032104,40.465235,666838.703173733,4481255.67078423,666000,4481000,0.0260915894005298
"44","STER_003",-103.032104,40.465235,666838.703173733,4481255.67078423,666000,4481000,0.0260915894005298
"45","STER_003",-103.032104,40.465235,666838.703173733,4481255.67078423,666000,4481000,0.0260915894005298
"46","STER_006",-103.035332,40.463935,666568.228125937,4481105.26035748,666000,4481000,0.0260915894005298
"47","STER_006",-103.035332,40.463935,666568.228125937,4481105.26035748,666000,4481000,0.0260915894005298
"48","STER_006",-103.035332,40.463935,666568.228125937,4481105.26035748,666000,4481000,0.0260915894005298
"49","STER_004",-103.03289,40.463078,666777.398936914,4481014.73734383,666000,4481000,0.0260915894005298
"50","STER_004",-103.03289,40.463078,666777.398936914,4481014.73734383,666000,4481000,0.0260915894005298
"51","STER_004",-103.03289,40.463078,666777.398936914,4481014.73734383,666000,4481000,0.0260915894005298
"52","STER_005",-103.033324,40.460659,666746.584721581,4480745.38513228,666000,4480000,0.0109974097342492
"53","STER_005",-103.033324,40.460659,666746.584721581,4480745.38513228,666000,4480000,0.0109974097342492
"54","STER_005",-103.033324,40.460659,666746.584721581,4480745.38513228,666000,4480000,0.0109974097342492
"55","STER_003",-103.032104,40.465235,666838.703173733,4481255.67078423,666000,4481000,0.0260915894005298
"56","STER_003",-103.032104,40.465235,666838.703173733,4481255.67078423,666000,4481000,0.0260915894005298
"57","STER_003",-103.032104,40.465235,666838.703173733,4481255.67078423,666000,4481000,0.0260915894005298
"58","STER_006",-103.035332,40.463935,666568.228125937,4481105.26035748,666000,4481000,0.0260915894005298
"59","STER_006",-103.035332,40.463935,666568.228125937,4481105.26035748,666000,4481000,0.0260915894005298
"60","STER_006",-103.035332,40.463935,666568.228125937,4481105.26035748,666000,4481000,0.0260915894005298
"61","STER_004",-103.03289,40.463078,666777.398936914,4481014.73734383,666000,4481000,0.0260915894005298
"62","STER_004",-103.03289,40.463078,666777.398936914,4481014.73734383,666000,4481000,0.0260915894005298
"63","STER_004",-103.03289,40.463078,666777.398936914,4481014.73734383,666000,4481000,0.0260915894005298
"64","STER_005",-103.033324,40.460659,666746.584721581,4480745.38513228,666000,4480000,0.0109974097342492
"65","STER_005",-103.033324,40.460659,666746.584721581,4480745.38513228,666000,4480000,0.0109974097342492
"66","STER_005",-103.033324,40.460659,666746.584721581,4480745.38513228,666000,4480000,0.0109974097342492
"67","STER_003",-103.032104,40.465235,666838.703173733,4481255.67078423,666000,4481000,0.0260915894005298
"68","STER_003",-103.032104,40.465235,666838.703173733,4481255.67078423,666000,4481000,0.0260915894005298
"69","STER_003",-103.032104,40.465235,666838.703173733,4481255.67078423,666000,4481000,0.0260915894005298
"70","STER_006",-103.035332,40.463935,666568.228125937,4481105.26035748,666000,4481000,0.0260915894005298
"71","STER_006",-103.035332,40.463935,666568.228125937,4481105.26035748,666000,4481000,0.0260915894005298
"72","STER_006",-103.035332,40.463935,666568.228125937,4481105.26035748,666000,4481000,0.0260915894005298
"73","STER_004",-103.03289,40.463078,666777.398936914,4481014.73734383,666000,4481000,0.0260915894005298
"74","STER_004",-103.03289,40.463078,666777.398936914,4481014.73734383,666000,4481000,0.0260915894005298
"75","STER_004",-103.03289,40.463078,666777.398936914,4481014.73734383,666000,4481000,0.0260915894005298
"76","STER_005",-103.033324,40.460659,666746.584721581,4480745.38513228,666000,4480000,0.0109974097342492
"77","STER_005",-103.033324,40.460659,666746.584721581,4480745.38513228,666000,4480000,0.0109974097342492
"78","STER_005",-103.033324,40.460659,666746.584721581,4480745.38513228,666000,4480000,0.0109974097342492
"79","STER_003",-103.032104,40.465235,666838.703173733,4481255.67078423,666000,4481000,0.0260915894005298
"80","STER_003",-103.032104,40.465235,666838.703173733,4481255.67078423,666000,4481000,0.0260915894005298
"81","STER_003",-103.032104,40.465235,666838.703173733,4481255.67078423,666000,4481000,0.0260915894005298
"82","STER_006",-103.035332,40.463935,666568.228125937,4481105.26035748,666000,4481000,0.0260915894005298
"83","STER_006",-103.035332,40.463935,666568.228125937,4481105.26035748,666000,4481000,0.0260915894005298
"84","STER_006",-103.035332,40.463935,666568.228125937,4481105.26035748,666000,4481000,0.0260915894005298
"85","STER_004",-103.03289,40.463078,666777.398936914,4481014.73734383,666000,4481000,0.0260915894005298
"86","STER_004",-103.03289,40.463078,666777.398936914,4481014.73734383,666000,4481000,0.0260915894005298
"87","STER_004",-103.03289,40.463078,666777.398936914,4481014.73734383,666000,4481000,0.0260915894005298
"88","STER_005",-103.033324,40.460659,666746.584721581,4480745.38513228,666000,4480000,0.0109974097342492
"89","STER_005",-103.033324,40.460659,666746.584721581,4480745.38513228,666000,4480000,0.0109974097342492
"90","STER_005",-103.033324,40.460659,666746.584721581,4480745.38513228,666000,4480000,0.0109974097342492
"91","STER_003",-103.032104,40.465235,666838.703173733,4481255.67078423,666000,4481000,0.0260915894005298
"92","STER_003",-103.032104,40.465235,666838.703173733,4481255.67078423,666000,4481000,0.0260915894005298
"93","STER_003",-103.032104,40.465235,666838.703173733,4481255.67078423,666000,4481000,0.0260915894005298
"94","STER_006",-103.035332,40.463935,666568.228125937,4481105.26035748,666000,4481000,0.0260915894005298
"95","STER_006",-103.035332,40.463935,666568.228125937,4481105.26035748,666000,4481000,0.0260915894005298
"96","STER_006",-103.035332,40.463935,666568.228125937,4481105.26035748,666000,4481000,0.0260915894005298
"97","STER_004",-103.03289,40.463078,666777.398936914,4481014.73734383,666000,4481000,0.0260915894005298
"98","STER_004",-103.03289,40.463078,666777.398936914,4481014.73734383,666000,4481000,0.0260915894005298
"99","STER_004",-103.03289,40.463078,666777.398936914,4481014.73734383,666000,4481000,0.0260915894005298
"100","STER_005",-103.033324,40.460659,666746.584721581,4480745.38513228,666000,4480000,0.0109974097342492
"101","STER_005",-103.033324,40.460659,666746.584721581,4480745.38513228,666000,4480000,0.0109974097342492
"102","STER_005",-103.033324,40.460659,666746.584721581,4480745.38513228,666000,4480000,0.0109974097342492
"103","STER_006",-103.035332,40.463935,666568.228125937,4481105.26035748,666000,4481000,0.0260915894005298
"104","STER_006",-103.035332,40.463935,666568.228125937,4481105.26035748,666000,4481000,0.0260915894005298
"105","STER_006",-103.035332,40.463935,666568.228125937,4481105.26035748,666000,4481000,0.0260915894005298
"106","STER_006",-103.035332,40.463935,666568.228125937,4481105.26035748,666000,4481000,0.0260915894005298
"107","STER_006",-103.035332,40.463935,666568.228125937,4481105.26035748,666000,4481000,0.0260915894005298
"108","STER_006",-103.035332,40.463935,666568.228125937,4481105.26035748,666000,4481000,0.0260915894005298
"109","STER_005",-103.033324,40.460659,666746.584721581,4480745.38513228,666000,4480000,0.0109974097342492
"110","STER_005",-103.033324,40.460659,666746.584721581,4480745.38513228,666000,4480000,0.0109974097342492
"111","STER_005",-103.033324,40.460659,666746.584721581,4480745.38513228,666000,4480000,0.0109974097342492
"112","STER_018",-103.0346,40.465261,666627.014151829,4481253.84098911,666000,4481000,0.0260915894005298
"113","STER_018",-103.0346,40.465261,666627.014151829,4481253.84098911,666000,4481000,0.0260915894005298
"114","STER_018",-103.0346,40.465261,666627.014151829,4481253.84098911,666000,4481000,0.0260915894005298
"115","STER_026",-103.0243,40.474713,667476.812556816,4482322.60536237,667000,4482000,0.0211841195456981
"116","STER_026",-103.0243,40.474713,667476.812556816,4482322.60536237,667000,4482000,0.0211841195456981
"117","STER_026",-103.0243,40.474713,667476.812556816,4482322.60536237,667000,4482000,0.0211841195456981
"118","STER_018",-103.0346,40.465261,666627.014151829,4481253.84098911,666000,4481000,0.0260915894005298
"119","STER_018",-103.0346,40.465261,666627.014151829,4481253.84098911,666000,4481000,0.0260915894005298
"120","STER_018",-103.0346,40.465261,666627.014151829,4481253.84098911,666000,4481000,0.0260915894005298
"121","STER_006",-103.035332,40.463935,666568.228125937,4481105.26035748,666000,4481000,0.0260915894005298
"122","STER_006",-103.035332,40.463935,666568.228125937,4481105.26035748,666000,4481000,0.0260915894005298
"123","STER_006",-103.035332,40.463935,666568.228125937,4481105.26035748,666000,4481000,0.0260915894005298
"124","STER_005",-103.033324,40.460659,666746.584721581,4480745.38513228,666000,4480000,0.0109974097342492
"125","STER_005",-103.033324,40.460659,666746.584721581,4480745.38513228,666000,4480000,0.0109974097342492
"126","STER_005",-103.033324,40.460659,666746.584721581,4480745.38513228,666000,4480000,0.0109974097342492
"127","STER_026",-103.0243,40.474713,667476.812556816,4482322.60536237,667000,4482000,0.0211841195456981
"128","STER_026",-103.0243,40.474713,667476.812556816,4482322.60536237,667000,4482000,0.0211841195456981
"129","STER_026",-103.0243,40.474713,667476.812556816,4482322.60536237,667000,4482000,0.0211841195456981
"130","STER_006",-103.035332,40.463935,666568.228125937,4481105.26035748,666000,4481000,0.0260915894005298
"131","STER_006",-103.035332,40.463935,666568.228125937,4481105.26035748,666000,4481000,0.0260915894005298
"132","STER_006",-103.035332,40.463935,666568.228125937,4481105.26035748,666000,4481000,0.0260915894005298
"133","STER_026",-103.0243,40.474713,667476.812556816,4482322.60536237,667000,4482000,0.0211841195456981
"134","STER_026",-103.0243,40.474713,667476.812556816,4482322.60536237,667000,4482000,0.0211841195456981
"135","STER_028",-103.018333,40.473273,667986.24753517,4482174.09504514,667000,4482000,0.0211841195456981
"136","STER_028",-103.018333,40.473273,667986.24753517,4482174.09504514,667000,4482000,0.0211841195456981
"137","STER_028",-103.018333,40.473273,667986.24753517,4482174.09504514,667000,4482000,0.0211841195456981
"138","STER_033",-103.011866,40.47639,668526.694377924,4482532.44629882,668000,4482000,0.0201544795386793
"139","STER_033",-103.011866,40.47639,668526.694377924,4482532.44629882,668000,4482000,0.0201544795386793
"140","STER_033",-103.011866,40.47639,668526.694377924,4482532.44629882,668000,4482000,0.0201544795386793
"141","STER_034",-103.019238,40.478666,667896.085415224,4482771.04894903,667000,4482000,0.0211841195456981
"142","STER_034",-103.019238,40.478666,667896.085415224,4482771.04894903,667000,4482000,0.0211841195456981
"143","STER_034",-103.019238,40.478666,667896.085415224,4482771.04894903,667000,4482000,0.0211841195456981
"144","STER_027",-103.018821,40.480827,667926.046863519,4483011.73527646,667000,4483000,0.0744448983259201
"145","STER_027",-103.018821,40.480827,667926.046863519,4483011.73527646,667000,4483000,0.0744448983259201
"146","STER_027",-103.018821,40.480827,667926.046863519,4483011.73527646,667000,4483000,0.0744448983259201
"147","STER_031",-103.011685,40.470725,668556.209352388,4481903.9205334,668000,4481000,0.0238912294380664
"148","STER_031",-103.011685,40.470725,668556.209352388,4481903.9205334,668000,4481000,0.0238912294380664
"149","STER_031",-103.011685,40.470725,668556.209352388,4481903.9205334,668000,4481000,0.0238912294380664
"150","STER_035",-103.016662,40.469719,668136.775365262,4481782.74876985,668000,4481000,0.0238912294380664
"151","STER_035",-103.016662,40.469719,668136.775365262,4481782.74876985,668000,4481000,0.0238912294380664
"152","STER_035",-103.016662,40.469719,668136.775365262,4481782.74876985,668000,4481000,0.0238912294380664
"153","STER_026",-103.0243,40.474713,667476.812556816,4482322.60536237,667000,4482000,0.0211841195456981
"154","STER_032",-103.025102,40.472029,667415.492850483,4482023.13288607,667000,4482000,0.0211841195456981
"155","STER_032",-103.025102,40.472029,667415.492850483,4482023.13288607,667000,4482000,0.0211841195456981
"156","STER_032",-103.025102,40.472029,667415.492850483,4482023.13288607,667000,4482000,0.0211841195456981
"157","STER_029",-103.011749,40.468561,668556.196258583,4481663.57282413,668000,4481000,0.0238912294380664
"158","STER_029",-103.011749,40.468561,668556.196258583,4481663.57282413,668000,4481000,0.0238912294380664
"159","STER_029",-103.011749,40.468561,668556.196258583,4481663.57282413,668000,4481000,0.0238912294380664
"160","STER_007",-103.030826,40.461156,666957.162483051,4480805.27965364,666000,4480000,0.0109974097342492
"161","STER_007",-103.030826,40.461156,666957.162483051,4480805.27965364,666000,4480000,0.0109974097342492
"162","STER_007",-103.030826,40.461156,666957.162483051,4480805.27965364,666000,4480000,0.0109974097342492
"163","STER_018",-103.0346,40.465261,666627.014151829,4481253.84098911,666000,4481000,0.0260915894005298
"164","STER_018",-103.0346,40.465261,666627.014151829,4481253.84098911,666000,4481000,0.0260915894005298
"165","STER_018",-103.0346,40.465261,666627.014151829,4481253.84098911,666000,4481000,0.0260915894005298
"166","STER_006",-103.035332,40.463935,666568.228125937,4481105.26035748,666000,4481000,0.0260915894005298
"167","STER_006",-103.035332,40.463935,666568.228125937,4481105.26035748,666000,4481000,0.0260915894005298
"168","STER_006",-103.035332,40.463935,666568.228125937,4481105.26035748,666000,4481000,0.0260915894005298
"169","STER_005",-103.033324,40.460659,666746.584721581,4480745.38513228,666000,4480000,0.0109974097342492
"170","STER_005",-103.033324,40.460659,666746.584721581,4480745.38513228,666000,4480000,0.0109974097342492
"171","STER_005",-103.033324,40.460659,666746.584721581,4480745.38513228,666000,4480000,0.0109974097342492
"172","STER_026",-103.0243,40.474713,667476.812556816,4482322.60536237,667000,4482000,0.0211841195456981
"173","STER_026",-103.0243,40.474713,667476.812556816,4482322.60536237,667000,4482000,0.0211841195456981
"174","STER_026",-103.0243,40.474713,667476.812556816,4482322.60536237,667000,4482000,0.0211841195456981
"175","STER_018",-103.0346,40.465261,666627.014151829,4481253.84098911,666000,4481000,0.0260915894005298
"176","STER_018",-103.0346,40.465261,666627.014151829,4481253.84098911,666000,4481000,0.0260915894005298
"177","STER_018",-103.0346,40.465261,666627.014151829,4481253.84098911,666000,4481000,0.0260915894005298
"178","STER_006",-103.035332,40.463935,666568.228125937,4481105.26035748,666000,4481000,0.0260915894005298
"179","STER_006",-103.035332,40.463935,666568.228125937,4481105.26035748,666000,4481000,0.0260915894005298
"180","STER_006",-103.035332,40.463935,666568.228125937,4481105.26035748,666000,4481000,0.0260915894005298
"181","STER_005",-103.033324,40.460659,666746.584721581,4480745.38513228,666000,4480000,0.0109974097342492
"182","STER_005",-103.033324,40.460659,666746.584721581,4480745.38513228,666000,4480000,0.0109974097342492
"183","STER_005",-103.033324,40.460659,666746.584721581,4480745.38513228,666000,4480000,0.0109974097342492
"184","STER_026",-103.0243,40.474713,667476.812556816,4482322.60536237,667000,4482000,0.0211841195456981
"185","STER_026",-103.0243,40.474713,667476.812556816,4482322.60536237,667000,4482000,0.0211841195456981
"186","STER_026",-103.0243,40.474713,667476.812556816,4482322.60536237,667000,4482000,0.0211841195456981
"187","STER_018",-103.0346,40.465261,666627.014151829,4481253.84098911,666000,4481000,0.0260915894005298
"188","STER_018",-103.0346,40.465261,666627.014151829,4481253.84098911,666000,4481000,0.0260915894005298
"189","STER_018",-103.0346,40.465261,666627.014151829,4481253.84098911,666000,4481000,0.0260915894005298
"190","STER_006",-103.035332,40.463935,666568.228125937,4481105.26035748,666000,4481000,0.0260915894005298
"191","STER_006",-103.035332,40.463935,666568.228125937,4481105.26035748,666000,4481000,0.0260915894005298
"192","STER_006",-103.035332,40.463935,666568.228125937,4481105.26035748,666000,4481000,0.0260915894005298
"193","STER_005",-103.033324,40.460659,666746.584721581,4480745.38513228,666000,4480000,0.0109974097342492
"194","STER_005",-103.033324,40.460659,666746.584721581,4480745.38513228,666000,4480000,0.0109974097342492
"195","STER_005",-103.033324,40.460659,666746.584721581,4480745.38513228,666000,4480000,0.0109974097342492
"196","STER_026",-103.0243,40.474713,667476.812556816,4482322.60536237,667000,4482000,0.0211841195456981
"197","STER_026",-103.0243,40.474713,667476.812556816,4482322.60536237,667000,4482000,0.0211841195456981
"198","STER_026",-103.0243,40.474713,667476.812556816,4482322.60536237,667000,4482000,0.0211841195456981
"199","STER_018",-103.0346,40.465261,666627.014151829,4481253.84098911,666000,4481000,0.0260915894005298
"200","STER_018",-103.0346,40.465261,666627.014151829,4481253.84098911,666000,4481000,0.0260915894005298
"201","STER_018",-103.0346,40.465261,666627.014151829,4481253.84098911,666000,4481000,0.0260915894005298
"202","STER_006",-103.035332,40.463935,666568.228125937,4481105.26035748,666000,4481000,0.0260915894005298
"203","STER_006",-103.035332,40.463935,666568.228125937,4481105.26035748,666000,4481000,0.0260915894005298
"204","STER_006",-103.035332,40.463935,666568.228125937,4481105.26035748,666000,4481000,0.0260915894005298
"205","STER_031",-103.011685,40.470725,668556.209352388,4481903.9205334,668000,4481000,0.0238912294380664
"206","STER_031",-103.011685,40.470725,668556.209352388,4481903.9205334,668000,4481000,0.0238912294380664
"207","STER_031",-103.011685,40.470725,668556.209352388,4481903.9205334,668000,4481000,0.0238912294380664
"208","STER_035",-103.016662,40.469719,668136.775365262,4481782.74876985,668000,4481000,0.0238912294380664
"209","STER_035",-103.016662,40.469719,668136.775365262,4481782.74876985,668000,4481000,0.0238912294380664
"210","STER_035",-103.016662,40.469719,668136.775365262,4481782.74876985,668000,4481000,0.0238912294380664
"211","STER_029",-103.011749,40.468561,668556.196258583,4481663.57282413,668000,4481000,0.0238912294380664
"212","STER_029",-103.011749,40.468561,668556.196258583,4481663.57282413,668000,4481000,0.0238912294380664
"213","STER_029",-103.011749,40.468561,668556.196258583,4481663.57282413,668000,4481000,0.0238912294380664
"214","STER_028",-103.018333,40.473273,667986.24753517,4482174.09504514,667000,4482000,0.0211841195456981
"215","STER_028",-103.018333,40.473273,667986.24753517,4482174.09504514,667000,4482000,0.0211841195456981
"216","STER_028",-103.018333,40.473273,667986.24753517,4482174.09504514,667000,4482000,0.0211841195456981
"217","STER_032",-103.025102,40.472029,667415.492850483,4482023.13288607,667000,4482000,0.0211841195456981
"218","STER_032",-103.025102,40.472029,667415.492850483,4482023.13288607,667000,4482000,0.0211841195456981
"219","STER_005",-103.033324,40.460659,666746.584721581,4480745.38513228,666000,4480000,0.0109974097342492
"220","STER_032",-103.025102,40.472029,667415.492850483,4482023.13288607,667000,4482000,0.0211841195456981
"221","STER_005",-103.033324,40.460659,666746.584721581,4480745.38513228,666000,4480000,0.0109974097342492
"222","STER_026",-103.0243,40.474713,667476.812556816,4482322.60536237,667000,4482000,0.0211841195456981
"223","STER_005",-103.033324,40.460659,666746.584721581,4480745.38513228,666000,4480000,0.0109974097342492
"224","STER_026",-103.0243,40.474713,667476.812556816,4482322.60536237,667000,4482000,0.0211841195456981
"225","STER_026",-103.0243,40.474713,667476.812556816,4482322.60536237,667000,4482000,0.0211841195456981
"226","STER_034",-103.019238,40.478666,667896.085415224,4482771.04894903,667000,4482000,0.0211841195456981
"227","STER_034",-103.019238,40.478666,667896.085415224,4482771.04894903,667000,4482000,0.0211841195456981
"228","STER_034",-103.019238,40.478666,667896.085415224,4482771.04894903,667000,4482000,0.0211841195456981
"229","STER_027",-103.018821,40.480827,667926.046863519,4483011.73527646,667000,4483000,0.0744448983259201
"230","STER_027",-103.018821,40.480827,667926.046863519,4483011.73527646,667000,4483000,0.0744448983259201
"231","STER_027",-103.018821,40.480827,667926.046863519,4483011.73527646,667000,4483000,0.0744448983259201
"232","STER_033",-103.011866,40.47639,668526.694377924,4482532.44629882,668000,4482000,0.0201544795386793
"233","STER_033",-103.011866,40.47639,668526.694377924,4482532.44629882,668000,4482000,0.0201544795386793
"234","STER_033",-103.011866,40.47639,668526.694377924,4482532.44629882,668000,4482000,0.0201544795386793
"235","STER_018",-103.0346,40.465261,666627.014151829,4481253.84098911,666000,4481000,0.0260915894005298
"236","STER_018",-103.0346,40.465261,666627.014151829,4481253.84098911,666000,4481000,0.0260915894005298
"237","STER_018",-103.0346,40.465261,666627.014151829,4481253.84098911,666000,4481000,0.0260915894005298
"238","STER_006",-103.035332,40.463935,666568.228125937,4481105.26035748,666000,4481000,0.0260915894005298
"239","STER_006",-103.035332,40.463935,666568.228125937,4481105.26035748,666000,4481000,0.0260915894005298
"240","STER_006",-103.035332,40.463935,666568.228125937,4481105.26035748,666000,4481000,0.0260915894005298
"241","STER_005",-103.033324,40.460659,666746.584721581,4480745.38513228,666000,4480000,0.0109974097342492
"242","STER_005",-103.033324,40.460659,666746.584721581,4480745.38513228,666000,4480000,0.0109974097342492
"243","STER_005",-103.033324,40.460659,666746.584721581,4480745.38513228,666000,4480000,0.0109974097342492
"244","STER_028",-103.018333,40.473273,667986.24753517,4482174.09504514,667000,4482000,0.0211841195456981
"245","STER_028",-103.018333,40.473273,667986.24753517,4482174.09504514,667000,4482000,0.0211841195456981
"246","STER_028",-103.018333,40.473273,667986.24753517,4482174.09504514,667000,4482000,0.0211841195456981
"247","STER_026",-103.0243,40.474713,667476.812556816,4482322.60536237,667000,4482000,0.0211841195456981
"248","STER_026",-103.0243,40.474713,667476.812556816,4482322.60536237,667000,4482000,0.0211841195456981
"249","STER_026",-103.0243,40.474713,667476.812556816,4482322.60536237,667000,4482000,0.0211841195456981
"250","STER_032",-103.025102,40.472029,667415.492850483,4482023.13288607,667000,4482000,0.0211841195456981
"251","STER_032",-103.025102,40.472029,667415.492850483,4482023.13288607,667000,4482000,0.0211841195456981
"252","STER_032",-103.025102,40.472029,667415.492850483,4482023.13288607,667000,4482000,0.0211841195456981
"253","STER_035",-103.016662,40.469719,668136.775365262,4481782.74876985,668000,4481000,0.0238912294380664
"254","STER_035",-103.016662,40.469719,668136.775365262,4481782.74876985,668000,4481000,0.0238912294380664
"255","STER_035",-103.016662,40.469719,668136.775365262,4481782.74876985,668000,4481000,0.0238912294380664
"256","STER_029",-103.011749,40.468561,668556.196258583,4481663.57282413,668000,4481000,0.0238912294380664
"257","STER_029",-103.011749,40.468561,668556.196258583,4481663.57282413,668000,4481000,0.0238912294380664
"258","STER_029",-103.011749,40.468561,668556.196258583,4481663.57282413,668000,4481000,0.0238912294380664
"259","STER_031",-103.011685,40.470725,668556.209352388,4481903.9205334,668000,4481000,0.0238912294380664
"260","STER_031",-103.011685,40.470725,668556.209352388,4481903.9205334,668000,4481000,0.0238912294380664
"261","STER_031",-103.011685,40.470725,668556.209352388,4481903.9205334,668000,4481000,0.0238912294380664
"262","STER_034",-103.019238,40.478666,667896.085415224,4482771.04894903,667000,4482000,0.0211841195456981
"263","STER_034",-103.019238,40.478666,667896.085415224,4482771.04894903,667000,4482000,0.0211841195456981
"264","STER_034",-103.019238,40.478666,667896.085415224,4482771.04894903,667000,4482000,0.0211841195456981
"265","STER_027",-103.018821,40.480827,667926.046863519,4483011.73527646,667000,4483000,0.0744448983259201
"266","STER_027",-103.018821,40.480827,667926.046863519,4483011.73527646,667000,4483000,0.0744448983259201
"267","STER_027",-103.018821,40.480827,667926.046863519,4483011.73527646,667000,4483000,0.0744448983259201
"268","STER_033",-103.011866,40.47639,668526.694377924,4482532.44629882,668000,4482000,0.0201544795386793
"269","STER_033",-103.011866,40.47639,668526.694377924,4482532.44629882,668000,4482000,0.0201544795386793
"270","STER_033",-103.011866,40.47639,668526.694377924,4482532.44629882,668000,4482000,0.0201544795386793
"271","STER_031",-103.011685,40.470725,668556.209352388,4481903.9205334,668000,4481000,0.0238912294380664
"272","STER_031",-103.011685,40.470725,668556.209352388,4481903.9205334,668000,4481000,0.0238912294380664
"273","STER_031",-103.011685,40.470725,668556.209352388,4481903.9205334,668000,4481000,0.0238912294380664
"274","STER_029",-103.011749,40.468561,668556.196258583,4481663.57282413,668000,4481000,0.0238912294380664
"275","STER_029",-103.011749,40.468561,668556.196258583,4481663.57282413,668000,4481000,0.0238912294380664
"276","STER_029",-103.011749,40.468561,668556.196258583,4481663.57282413,668000,4481000,0.0238912294380664
"277","STER_011",-103.031538,40.461168,666896.76178837,4480805.26503137,666000,4480000,0.0109974097342492
"278","STER_011",-103.031538,40.461168,666896.76178837,4480805.26503137,666000,4480000,0.0109974097342492
"279","STER_011",-103.031538,40.461168,666896.76178837,4480805.26503137,666000,4480000,0.0109974097342492
"280","STER_012",-103.029801,40.460053,667046.806284256,4480684.77572993,667000,4480000,0.0155946796512604
"281","STER_012",-103.029801,40.460053,667046.806284256,4480684.77572993,667000,4480000,0.0155946796512604
"282","STER_012",-103.029801,40.460053,667046.806284256,4480684.77572993,667000,4480000,0.0155946796512604
"283","STER_010",-103.030496,40.460611,666986.493500721,4480745.40379678,666000,4480000,0.0109974097342492
"284","STER_010",-103.030496,40.460611,666986.493500721,4480745.40379678,666000,4480000,0.0109974097342492
"285","STER_010",-103.030496,40.460611,666986.493500721,4480745.40379678,666000,4480000,0.0109974097342492
"286","STER_006",-103.035332,40.463935,666568.228125937,4481105.26035748,666000,4481000,0.0260915894005298
"287","STER_006",-103.035332,40.463935,666568.228125937,4481105.26035748,666000,4481000,0.0260915894005298
"288","STER_006",-103.035332,40.463935,666568.228125937,4481105.26035748,666000,4481000,0.0260915894005298
"289","STER_016",-103.030754,40.463856,666956.579583773,4481105.14175602,666000,4481000,0.0260915894005298
"290","STER_016",-103.030754,40.463856,666956.579583773,4481105.14175602,666000,4481000,0.0260915894005298
"291","STER_016",-103.030754,40.463856,666956.579583773,4481105.14175602,666000,4481000,0.0260915894005298
"292","STER_027",-103.018821,40.480827,667926.046863519,4483011.73527646,667000,4483000,0.0744448983259201
"293","STER_027",-103.018821,40.480827,667926.046863519,4483011.73527646,667000,4483000,0.0744448983259201
"294","STER_027",-103.018821,40.480827,667926.046863519,4483011.73527646,667000,4483000,0.0744448983259201
"295","STER_032",-103.025102,40.472029,667415.492850483,4482023.13288607,667000,4482000,0.0211841195456981
"296","STER_032",-103.025102,40.472029,667415.492850483,4482023.13288607,667000,4482000,0.0211841195456981
"297","STER_032",-103.025102,40.472029,667415.492850483,4482023.13288607,667000,4482000,0.0211841195456981
"298","STER_026",-103.0243,40.474713,667476.812556816,4482322.60536237,667000,4482000,0.0211841195456981
"299","STER_026",-103.0243,40.474713,667476.812556816,4482322.60536237,667000,4482000,0.0211841195456981
"300","STER_026",-103.0243,40.474713,667476.812556816,4482322.60536237,667000,4482000,0.0211841195456981
"301","STER_028",-103.018333,40.473273,667986.24753517,4482174.09504514,667000,4482000,0.0211841195456981
"302","STER_028",-103.018333,40.473273,667986.24753517,4482174.09504514,667000,4482000,0.0211841195456981
"303","STER_028",-103.018333,40.473273,667986.24753517,4482174.09504514,667000,4482000,0.0211841195456981
"304","STER_033",-103.011866,40.47639,668526.694377924,4482532.44629882,668000,4482000,0.0201544795386793
"305","STER_033",-103.011866,40.47639,668526.694377924,4482532.44629882,668000,4482000,0.0201544795386793
"306","STER_033",-103.011866,40.47639,668526.694377924,4482532.44629882,668000,4482000,0.0201544795386793
"307","STER_031",-103.011685,40.470725,668556.209352388,4481903.9205334,668000,4481000,0.0238912294380664
"308","STER_031",-103.011685,40.470725,668556.209352388,4481903.9205334,668000,4481000,0.0238912294380664
"309","STER_031",-103.011685,40.470725,668556.209352388,4481903.9205334,668000,4481000,0.0238912294380664
"310","STER_031",-103.011685,40.470725,668556.209352388,4481903.9205334,668000,4481000,0.0238912294380664
"311","STER_031",-103.011685,40.470725,668556.209352388,4481903.9205334,668000,4481000,0.0238912294380664
"312","STER_031",-103.011685,40.470725,668556.209352388,4481903.9205334,668000,4481000,0.0238912294380664
"313","STER_029",-103.011749,40.468561,668556.196258583,4481663.57282413,668000,4481000,0.0238912294380664
"314","STER_029",-103.011749,40.468561,668556.196258583,4481663.57282413,668000,4481000,0.0238912294380664
"315","STER_029",-103.011749,40.468561,668556.196258583,4481663.57282413,668000,4481000,0.0238912294380664
"316","STER_029",-103.011749,40.468561,668556.196258583,4481663.57282413,668000,4481000,0.0238912294380664
"317","STER_029",-103.011749,40.468561,668556.196258583,4481663.57282413,668000,4481000,0.0238912294380664
"318","STER_029",-103.011749,40.468561,668556.196258583,4481663.57282413,668000,4481000,0.0238912294380664
"319","STER_012",-103.029801,40.460053,667046.806284256,4480684.77572993,667000,4480000,0.0155946796512604
"320","STER_028",-103.018333,40.473273,667986.24753517,4482174.09504514,667000,4482000,0.0211841195456981
"321","STER_012",-103.029801,40.460053,667046.806284256,4480684.77572993,667000,4480000,0.0155946796512604
"322","STER_012",-103.029801,40.460053,667046.806284256,4480684.77572993,667000,4480000,0.0155946796512604
"323","STER_028",-103.018333,40.473273,667986.24753517,4482174.09504514,667000,4482000,0.0211841195456981
"324","STER_028",-103.018333,40.473273,667986.24753517,4482174.09504514,667000,4482000,0.0211841195456981
"325","STER_027",-103.018821,40.480827,667926.046863519,4483011.73527646,667000,4483000,0.0744448983259201
"326","STER_027",-103.018821,40.480827,667926.046863519,4483011.73527646,667000,4483000,0.0744448983259201
"327","STER_026",-103.0243,40.474713,667476.812556816,4482322.60536237,667000,4482000,0.0211841195456981
"328","STER_027",-103.018821,40.480827,667926.046863519,4483011.73527646,667000,4483000,0.0744448983259201
"329","STER_026",-103.0243,40.474713,667476.812556816,4482322.60536237,667000,4482000,0.0211841195456981
"330","STER_026",-103.0243,40.474713,667476.812556816,4482322.60536237,667000,4482000,0.0211841195456981
"331","STER_011",-103.031538,40.461168,666896.76178837,4480805.26503137,666000,4480000,0.0109974097342492
"332","STER_011",-103.031538,40.461168,666896.76178837,4480805.26503137,666000,4480000,0.0109974097342492
"333","STER_011",-103.031538,40.461168,666896.76178837,4480805.26503137,666000,4480000,0.0109974097342492
"334","STER_010",-103.030496,40.460611,666986.493500721,4480745.40379678,666000,4480000,0.0109974097342492
"335","STER_010",-103.030496,40.460611,666986.493500721,4480745.40379678,666000,4480000,0.0109974097342492
"336","STER_016",-103.030754,40.463856,666956.579583773,4481105.14175602,666000,4481000,0.0260915894005298
"337","STER_010",-103.030496,40.460611,666986.493500721,4480745.40379678,666000,4480000,0.0109974097342492
"338","STER_016",-103.030754,40.463856,666956.579583773,4481105.14175602,666000,4481000,0.0260915894005298
"339","STER_016",-103.030754,40.463856,666956.579583773,4481105.14175602,666000,4481000,0.0260915894005298
"340","STER_012",-103.029801,40.460053,667046.806284256,4480684.77572993,667000,4480000,0.0155946796512604
"341","STER_028",-103.018333,40.473273,667986.24753517,4482174.09504514,667000,4482000,0.0211841195456981
"342","STER_012",-103.029801,40.460053,667046.806284256,4480684.77572993,667000,4480000,0.0155946796512604
"343","STER_012",-103.029801,40.460053,667046.806284256,4480684.77572993,667000,4480000,0.0155946796512604
"344","STER_028",-103.018333,40.473273,667986.24753517,4482174.09504514,667000,4482000,0.0211841195456981
"345","STER_028",-103.018333,40.473273,667986.24753517,4482174.09504514,667000,4482000,0.0211841195456981
"346","STER_027",-103.018821,40.480827,667926.046863519,4483011.73527646,667000,4483000,0.0744448983259201
"347","STER_027",-103.018821,40.480827,667926.046863519,4483011.73527646,667000,4483000,0.0744448983259201
"348","STER_026",-103.0243,40.474713,667476.812556816,4482322.60536237,667000,4482000,0.0211841195456981
"349","STER_027",-103.018821,40.480827,667926.046863519,4483011.73527646,667000,4483000,0.0744448983259201
"350","STER_026",-103.0243,40.474713,667476.812556816,4482322.60536237,667000,4482000,0.0211841195456981
"351","STER_026",-103.0243,40.474713,667476.812556816,4482322.60536237,667000,4482000,0.0211841195456981
"352","STER_011",-103.031538,40.461168,666896.76178837,4480805.26503137,666000,4480000,0.0109974097342492
"353","STER_011",-103.031538,40.461168,666896.76178837,4480805.26503137,666000,4480000,0.0109974097342492
"354","STER_011",-103.031538,40.461168,666896.76178837,4480805.26503137,666000,4480000,0.0109974097342492
"355","STER_010",-103.030496,40.460611,666986.493500721,4480745.40379678,666000,4480000,0.0109974097342492
"356","STER_010",-103.030496,40.460611,666986.493500721,4480745.40379678,666000,4480000,0.0109974097342492
"357","STER_016",-103.030754,40.463856,666956.579583773,4481105.14175602,666000,4481000,0.0260915894005298
"358","STER_010",-103.030496,40.460611,666986.493500721,4480745.40379678,666000,4480000,0.0109974097342492
"359","STER_016",-103.030754,40.463856,666956.579583773,4481105.14175602,666000,4481000,0.0260915894005298
"360","STER_016",-103.030754,40.463856,666956.579583773,4481105.14175602,666000,4481000,0.0260915894005298
"361","STER_031",-103.011685,40.470725,668556.209352388,4481903.9205334,668000,4481000,0.0238912294380664
"362","STER_031",-103.011685,40.470725,668556.209352388,4481903.9205334,668000,4481000,0.0238912294380664
"363","STER_028",-103.018333,40.473273,667986.24753517,4482174.09504514,667000,4482000,0.0211841195456981
"364","STER_028",-103.018333,40.473273,667986.24753517,4482174.09504514,667000,4482000,0.0211841195456981
"365","STER_028",-103.018333,40.473273,667986.24753517,4482174.09504514,667000,4482000,0.0211841195456981
"366","STER_028",-103.018333,40.473273,667986.24753517,4482174.09504514,667000,4482000,0.0211841195456981
"367","STER_031",-103.011685,40.470725,668556.209352388,4481903.9205334,668000,4481000,0.0238912294380664
"368","STER_031",-103.011685,40.470725,668556.209352388,4481903.9205334,668000,4481000,0.0238912294380664
"369","STER_028",-103.018333,40.473273,667986.24753517,4482174.09504514,667000,4482000,0.0211841195456981
"370","STER_028",-103.018333,40.473273,667986.24753517,4482174.09504514,667000,4482000,0.0211841195456981
"371","STER_031",-103.011685,40.470725,668556.209352388,4481903.9205334,668000,4481000,0.0238912294380664
"372","STER_031",-103.011685,40.470725,668556.209352388,4481903.9205334,668000,4481000,0.0238912294380664
"373","STER_026",-103.0243,40.474713,667476.812556816,4482322.60536237,667000,4482000,0.0211841195456981
"374","STER_026",-103.0243,40.474713,667476.812556816,4482322.60536237,667000,4482000,0.0211841195456981
"375","STER_029",-103.011749,40.468561,668556.196258583,4481663.57282413,668000,4481000,0.0238912294380664
"376","STER_029",-103.011749,40.468561,668556.196258583,4481663.57282413,668000,4481000,0.0238912294380664
"377","STER_026",-103.0243,40.474713,667476.812556816,4482322.60536237,667000,4482000,0.0211841195456981
"378","STER_026",-103.0243,40.474713,667476.812556816,4482322.60536237,667000,4482000,0.0211841195456981
"379","STER_029",-103.011749,40.468561,668556.196258583,4481663.57282413,668000,4481000,0.0238912294380664
"380","STER_029",-103.011749,40.468561,668556.196258583,4481663.57282413,668000,4481000,0.0238912294380664
"381","STER_029",-103.011749,40.468561,668556.196258583,4481663.57282413,668000,4481000,0.0238912294380664
"382","STER_029",-103.011749,40.468561,668556.196258583,4481663.57282413,668000,4481000,0.0238912294380664
"383","STER_026",-103.0243,40.474713,667476.812556816,4482322.60536237,667000,4482000,0.0211841195456981
"384","STER_026",-103.0243,40.474713,667476.812556816,4482322.60536237,667000,4482000,0.0211841195456981
"385","STER_027",-103.018821,40.480827,667926.046863519,4483011.73527646,667000,4483000,0.0744448983259201
"386","STER_027",-103.018821,40.480827,667926.046863519,4483011.73527646,667000,4483000,0.0744448983259201
"387","STER_027",-103.018821,40.480827,667926.046863519,4483011.73527646,667000,4483000,0.0744448983259201
"388","STER_027",-103.018821,40.480827,667926.046863519,4483011.73527646,667000,4483000,0.0744448983259201
"389","STER_027",-103.018821,40.480827,667926.046863519,4483011.73527646,667000,4483000,0.0744448983259201
"390","STER_027",-103.018821,40.480827,667926.046863519,4483011.73527646,667000,4483000,0.0744448983259201
"391","STER_006",-103.035332,40.463935,666568.228125937,4481105.26035748,666000,4481000,0.0260915894005298
"392","STER_006",-103.035332,40.463935,666568.228125937,4481105.26035748,666000,4481000,0.0260915894005298
"393","STER_006",-103.035332,40.463935,666568.228125937,4481105.26035748,666000,4481000,0.0260915894005298
"394","STER_006",-103.035332,40.463935,666568.228125937,4481105.26035748,666000,4481000,0.0260915894005298
"395","STER_012",-103.029801,40.460053,667046.806284256,4480684.77572993,667000,4480000,0.0155946796512604
"396","STER_012",-103.029801,40.460053,667046.806284256,4480684.77572993,667000,4480000,0.0155946796512604
"397","STER_006",-103.035332,40.463935,666568.228125937,4481105.26035748,666000,4481000,0.0260915894005298
"398","STER_006",-103.035332,40.463935,666568.228125937,4481105.26035748,666000,4481000,0.0260915894005298
"399","STER_012",-103.029801,40.460053,667046.806284256,4480684.77572993,667000,4480000,0.0155946796512604
"400","STER_012",-103.029801,40.460053,667046.806284256,4480684.77572993,667000,4480000,0.0155946796512604
"401","STER_012",-103.029801,40.460053,667046.806284256,4480684.77572993,667000,4480000,0.0155946796512604
"402","STER_012",-103.029801,40.460053,667046.806284256,4480684.77572993,667000,4480000,0.0155946796512604
"403","STER_016",-103.030754,40.463856,666956.579583773,4481105.14175602,666000,4481000,0.0260915894005298
"404","STER_016",-103.030754,40.463856,666956.579583773,4481105.14175602,666000,4481000,0.0260915894005298
"405","STER_016",-103.030754,40.463856,666956.579583773,4481105.14175602,666000,4481000,0.0260915894005298
"406","STER_016",-103.030754,40.463856,666956.579583773,4481105.14175602,666000,4481000,0.0260915894005298
"407","STER_010",-103.030496,40.460611,666986.493500721,4480745.40379678,666000,4480000,0.0109974097342492
"408","STER_010",-103.030496,40.460611,666986.493500721,4480745.40379678,666000,4480000,0.0109974097342492
"409","STER_016",-103.030754,40.463856,666956.579583773,4481105.14175602,666000,4481000,0.0260915894005298
"410","STER_016",-103.030754,40.463856,666956.579583773,4481105.14175602,666000,4481000,0.0260915894005298
"411","STER_010",-103.030496,40.460611,666986.493500721,4480745.40379678,666000,4480000,0.0109974097342492
"412","STER_010",-103.030496,40.460611,666986.493500721,4480745.40379678,666000,4480000,0.0109974097342492
"413","STER_010",-103.030496,40.460611,666986.493500721,4480745.40379678,666000,4480000,0.0109974097342492
"414","STER_010",-103.030496,40.460611,666986.493500721,4480745.40379678,666000,4480000,0.0109974097342492
"415","STER_011",-103.031538,40.461168,666896.76178837,4480805.26503137,666000,4480000,0.0109974097342492
"416","STER_011",-103.031538,40.461168,666896.76178837,4480805.26503137,666000,4480000,0.0109974097342492
"417","STER_011",-103.031538,40.461168,666896.76178837,4480805.26503137,666000,4480000,0.0109974097342492
"418","STER_011",-103.031538,40.461168,666896.76178837,4480805.26503137,666000,4480000,0.0109974097342492
"419","STER_011",-103.031538,40.461168,666896.76178837,4480805.26503137,666000,4480000,0.0109974097342492
"420","STER_011",-103.031538,40.461168,666896.76178837,4480805.26503137,666000,4480000,0.0109974097342492
"421","STER_028",-103.018333,40.473273,667986.24753517,4482174.09504514,667000,4482000,0.0211841195456981
"422","STER_028",-103.018333,40.473273,667986.24753517,4482174.09504514,667000,4482000,0.0211841195456981
"423","STER_028",-103.018333,40.473273,667986.24753517,4482174.09504514,667000,4482000,0.0211841195456981
"424","STER_026",-103.0243,40.474713,667476.812556816,4482322.60536237,667000,4482000,0.0211841195456981
"425","STER_026",-103.0243,40.474713,667476.812556816,4482322.60536237,667000,4482000,0.0211841195456981
"426","STER_026",-103.0243,40.474713,667476.812556816,4482322.60536237,667000,4482000,0.0211841195456981
"427","STER_031",-103.011685,40.470725,668556.209352388,4481903.9205334,668000,4481000,0.0238912294380664
"428","STER_006",-103.035332,40.463935,666568.228125937,4481105.26035748,666000,4481000,0.0260915894005298
"429","STER_031",-103.011685,40.470725,668556.209352388,4481903.9205334,668000,4481000,0.0238912294380664
"430","STER_006",-103.035332,40.463935,666568.228125937,4481105.26035748,666000,4481000,0.0260915894005298
"431","STER_031",-103.011685,40.470725,668556.209352388,4481903.9205334,668000,4481000,0.0238912294380664
"432","STER_006",-103.035332,40.463935,666568.228125937,4481105.26035748,666000,4481000,0.0260915894005298
"433","STER_029",-103.011749,40.468561,668556.196258583,4481663.57282413,668000,4481000,0.0238912294380664
"434","STER_016",-103.030754,40.463856,666956.579583773,4481105.14175602,666000,4481000,0.0260915894005298
"435","STER_029",-103.011749,40.468561,668556.196258583,4481663.57282413,668000,4481000,0.0238912294380664
"436","STER_016",-103.030754,40.463856,666956.579583773,4481105.14175602,666000,4481000,0.0260915894005298
"437","STER_029",-103.011749,40.468561,668556.196258583,4481663.57282413,668000,4481000,0.0238912294380664
"438","STER_016",-103.030754,40.463856,666956.579583773,4481105.14175602,666000,4481000,0.0260915894005298
"439","STER_027",-103.018821,40.480827,667926.046863519,4483011.73527646,667000,4483000,0.0744448983259201
"440","STER_027",-103.018821,40.480827,667926.046863519,4483011.73527646,667000,4483000,0.0744448983259201
"441","STER_027",-103.018821,40.480827,667926.046863519,4483011.73527646,667000,4483000,0.0744448983259201
"442","STER_011",-103.031538,40.461168,666896.76178837,4480805.26503137,666000,4480000,0.0109974097342492
"443","STER_011",-103.031538,40.461168,666896.76178837,4480805.26503137,666000,4480000,0.0109974097342492
"444","STER_011",-103.031538,40.461168,666896.76178837,4480805.26503137,666000,4480000,0.0109974097342492
"445","STER_010",-103.030496,40.460611,666986.493500721,4480745.40379678,666000,4480000,0.0109974097342492
"446","STER_010",-103.030496,40.460611,666986.493500721,4480745.40379678,666000,4480000,0.0109974097342492
"447","STER_010",-103.030496,40.460611,666986.493500721,4480745.40379678,666000,4480000,0.0109974097342492
"448","STER_012",-103.029801,40.460053,667046.806284256,4480684.77572993,667000,4480000,0.0155946796512604
"449","STER_012",-103.029801,40.460053,667046.806284256,4480684.77572993,667000,4480000,0.0155946796512604
"450","STER_012",-103.029801,40.460053,667046.806284256,4480684.77572993,667000,4480000,0.0155946796512604
"451","STER_028",-103.018333,40.473273,667986.24753517,4482174.09504514,667000,4482000,0.0211841195456981
"452","STER_028",-103.018333,40.473273,667986.24753517,4482174.09504514,667000,4482000,0.0211841195456981
"453","STER_028",-103.018333,40.473273,667986.24753517,4482174.09504514,667000,4482000,0.0211841195456981
"454","STER_026",-103.0243,40.474713,667476.812556816,4482322.60536237,667000,4482000,0.0211841195456981
"455","STER_026",-103.0243,40.474713,667476.812556816,4482322.60536237,667000,4482000,0.0211841195456981
"456","STER_026",-103.0243,40.474713,667476.812556816,4482322.60536237,667000,4482000,0.0211841195456981
"457","STER_031",-103.011685,40.470725,668556.209352388,4481903.9205334,668000,4481000,0.0238912294380664
"458","STER_006",-103.035332,40.463935,666568.228125937,4481105.26035748,666000,4481000,0.0260915894005298
"459","STER_031",-103.011685,40.470725,668556.209352388,4481903.9205334,668000,4481000,0.0238912294380664
"460","STER_006",-103.035332,40.463935,666568.228125937,4481105.26035748,666000,4481000,0.0260915894005298
"461","STER_031",-103.011685,40.470725,668556.209352388,4481903.9205334,668000,4481000,0.0238912294380664
"462","STER_006",-103.035332,40.463935,666568.228125937,4481105.26035748,666000,4481000,0.0260915894005298
"463","STER_029",-103.011749,40.468561,668556.196258583,4481663.57282413,668000,4481000,0.0238912294380664
"464","STER_016",-103.030754,40.463856,666956.579583773,4481105.14175602,666000,4481000,0.0260915894005298
"465","STER_029",-103.011749,40.468561,668556.196258583,4481663.57282413,668000,4481000,0.0238912294380664
"466","STER_016",-103.030754,40.463856,666956.579583773,4481105.14175602,666000,4481000,0.0260915894005298
"467","STER_029",-103.011749,40.468561,668556.196258583,4481663.57282413,668000,4481000,0.0238912294380664
"468","STER_016",-103.030754,40.463856,666956.579583773,4481105.14175602,666000,4481000,0.0260915894005298
"469","STER_027",-103.018821,40.480827,667926.046863519,4483011.73527646,667000,4483000,0.0744448983259201
"470","STER_027",-103.018821,40.480827,667926.046863519,4483011.73527646,667000,4483000,0.0744448983259201
"471","STER_027",-103.018821,40.480827,667926.046863519,4483011.73527646,667000,4483000,0.0744448983259201
"472","STER_011",-103.031538,40.461168,666896.76178837,4480805.26503137,666000,4480000,0.0109974097342492
"473","STER_011",-103.031538,40.461168,666896.76178837,4480805.26503137,666000,4480000,0.0109974097342492
"474","STER_011",-103.031538,40.461168,666896.76178837,4480805.26503137,666000,4480000,0.0109974097342492
"475","STER_010",-103.030496,40.460611,666986.493500721,4480745.40379678,666000,4480000,0.0109974097342492
"476","STER_010",-103.030496,40.460611,666986.493500721,4480745.40379678,666000,4480000,0.0109974097342492
"477","STER_010",-103.030496,40.460611,666986.493500721,4480745.40379678,666000,4480000,0.0109974097342492
"478","STER_012",-103.029801,40.460053,667046.806284256,4480684.77572993,667000,4480000,0.0155946796512604
"479","STER_012",-103.029801,40.460053,667046.806284256,4480684.77572993,667000,4480000,0.0155946796512604
"480","STER_012",-103.029801,40.460053,667046.806284256,4480684.77572993,667000,4480000,0.0155946796512604
"481","STER_006",-103.035332,40.463935,666568.228125937,4481105.26035748,666000,4481000,0.0260915894005298
"482","STER_006",-103.035332,40.463935,666568.228125937,4481105.26035748,666000,4481000,0.0260915894005298
"483","STER_006",-103.035332,40.463935,666568.228125937,4481105.26035748,666000,4481000,0.0260915894005298
"484","STER_016",-103.030754,40.463856,666956.579583773,4481105.14175602,666000,4481000,0.0260915894005298
"485","STER_016",-103.030754,40.463856,666956.579583773,4481105.14175602,666000,4481000,0.0260915894005298
"486","STER_016",-103.030754,40.463856,666956.579583773,4481105.14175602,666000,4481000,0.0260915894005298
"487","STER_011",-103.031538,40.461168,666896.76178837,4480805.26503137,666000,4480000,0.0109974097342492
"488","STER_011",-103.031538,40.461168,666896.76178837,4480805.26503137,666000,4480000,0.0109974097342492
"489","STER_011",-103.031538,40.461168,666896.76178837,4480805.26503137,666000,4480000,0.0109974097342492
"490","STER_010",-103.030496,40.460611,666986.493500721,4480745.40379678,666000,4480000,0.0109974097342492
"491","STER_010",-103.030496,40.460611,666986.493500721,4480745.40379678,666000,4480000,0.0109974097342492
"492","STER_010",-103.030496,40.460611,666986.493500721,4480745.40379678,666000,4480000,0.0109974097342492
"493","STER_012",-103.029801,40.460053,667046.806284256,4480684.77572993,667000,4480000,0.0155946796512604
"494","STER_012",-103.029801,40.460053,667046.806284256,4480684.77572993,667000,4480000,0.0155946796512604
"495","STER_012",-103.029801,40.460053,667046.806284256,4480684.77572993,667000,4480000,0.0155946796512604
"496","STER_027",-103.018821,40.480827,667926.046863519,4483011.73527646,667000,4483000,0.0744448983259201
"497","STER_027",-103.018821,40.480827,667926.046863519,4483011.73527646,667000,4483000,0.0744448983259201
"498","STER_027",-103.018821,40.480827,667926.046863519,4483011.73527646,667000,4483000,0.0744448983259201
"499","STER_028",-103.018333,40.473273,667986.24753517,4482174.09504514,667000,4482000,0.0211841195456981
"500","STER_028",-103.018333,40.473273,667986.24753517,4482174.09504514,667000,4482000,0.0211841195456981
"501","STER_028",-103.018333,40.473273,667986.24753517,4482174.09504514,667000,4482000,0.0211841195456981
"502","STER_026",-103.0243,40.474713,667476.812556816,4482322.60536237,667000,4482000,0.0211841195456981
"503","STER_026",-103.0243,40.474713,667476.812556816,4482322.60536237,667000,4482000,0.0211841195456981
"504","STER_026",-103.0243,40.474713,667476.812556816,4482322.60536237,667000,4482000,0.0211841195456981
"505","STER_031",-103.011685,40.470725,668556.209352388,4481903.9205334,668000,4481000,0.0238912294380664
"506","STER_031",-103.011685,40.470725,668556.209352388,4481903.9205334,668000,4481000,0.0238912294380664
"507","STER_031",-103.011685,40.470725,668556.209352388,4481903.9205334,668000,4481000,0.0238912294380664
"508","STER_029",-103.011749,40.468561,668556.196258583,4481663.57282413,668000,4481000,0.0238912294380664
"509","STER_029",-103.011749,40.468561,668556.196258583,4481663.57282413,668000,4481000,0.0238912294380664
"510","STER_029",-103.011749,40.468561,668556.196258583,4481663.57282413,668000,4481000,0.0238912294380664
"511","STER_006",-103.035332,40.463935,666568.228125937,4481105.26035748,666000,4481000,0.0260915894005298
"512","STER_006",-103.035332,40.463935,666568.228125937,4481105.26035748,666000,4481000,0.0260915894005298
"513","STER_006",-103.035332,40.463935,666568.228125937,4481105.26035748,666000,4481000,0.0260915894005298
"514","STER_016",-103.030754,40.463856,666956.579583773,4481105.14175602,666000,4481000,0.0260915894005298
"515","STER_016",-103.030754,40.463856,666956.579583773,4481105.14175602,666000,4481000,0.0260915894005298
"516","STER_016",-103.030754,40.463856,666956.579583773,4481105.14175602,666000,4481000,0.0260915894005298
"517","STER_012",-103.029801,40.460053,667046.806284256,4480684.77572993,667000,4480000,0.0155946796512604
"518","STER_012",-103.029801,40.460053,667046.806284256,4480684.77572993,667000,4480000,0.0155946796512604
"519","STER_012",-103.029801,40.460053,667046.806284256,4480684.77572993,667000,4480000,0.0155946796512604
"520","STER_010",-103.030496,40.460611,666986.493500721,4480745.40379678,666000,4480000,0.0109974097342492
"521","STER_010",-103.030496,40.460611,666986.493500721,4480745.40379678,666000,4480000,0.0109974097342492
"522","STER_010",-103.030496,40.460611,666986.493500721,4480745.40379678,666000,4480000,0.0109974097342492
"523","STER_011",-103.031538,40.461168,666896.76178837,4480805.26503137,666000,4480000,0.0109974097342492
"524","STER_011",-103.031538,40.461168,666896.76178837,4480805.26503137,666000,4480000,0.0109974097342492
"525","STER_011",-103.031538,40.461168,666896.76178837,4480805.26503137,666000,4480000,0.0109974097342492
"526","STER_028",-103.018333,40.473273,667986.24753517,4482174.09504514,667000,4482000,0.0211841195456981
"527","STER_028",-103.018333,40.473273,667986.24753517,4482174.09504514,667000,4482000,0.0211841195456981
"528","STER_028",-103.018333,40.473273,667986.24753517,4482174.09504514,667000,4482000,0.0211841195456981
"529","STER_026",-103.0243,40.474713,667476.812556816,4482322.60536237,667000,4482000,0.0211841195456981
"530","STER_026",-103.0243,40.474713,667476.812556816,4482322.60536237,667000,4482000,0.0211841195456981
"531","STER_026",-103.0243,40.474713,667476.812556816,4482322.60536237,667000,4482000,0.0211841195456981
"532","STER_031",-103.011685,40.470725,668556.209352388,4481903.9205334,668000,4481000,0.0238912294380664
"533","STER_031",-103.011685,40.470725,668556.209352388,4481903.9205334,668000,4481000,0.0238912294380664
"534","STER_031",-103.011685,40.470725,668556.209352388,4481903.9205334,668000,4481000,0.0238912294380664
"535","STER_029",-103.011749,40.468561,668556.196258583,4481663.57282413,668000,4481000,0.0238912294380664
"536","STER_029",-103.011749,40.468561,668556.196258583,4481663.57282413,668000,4481000,0.0238912294380664
"537","STER_029",-103.011749,40.468561,668556.196258583,4481663.57282413,668000,4481000,0.0238912294380664
"538","STER_027",-103.018821,40.480827,667926.046863519,4483011.73527646,667000,4483000,0.0744448983259201
"539","STER_027",-103.018821,40.480827,667926.046863519,4483011.73527646,667000,4483000,0.0744448983259201
"540","STER_027",-103.018821,40.480827,667926.046863519,4483011.73527646,667000,4483000,0.0744448983259201
"541","STER_031",-103.011685,40.470725,668556.209352388,4481903.9205334,668000,4481000,0.0238912294380664
"542","STER_031",-103.011685,40.470725,668556.209352388,4481903.9205334,668000,4481000,0.0238912294380664
"543","STER_031",-103.011685,40.470725,668556.209352388,4481903.9205334,668000,4481000,0.0238912294380664
"544","STER_029",-103.011749,40.468561,668556.196258583,4481663.57282413,668000,4481000,0.0238912294380664
"545","STER_029",-103.011749,40.468561,668556.196258583,4481663.57282413,668000,4481000,0.0238912294380664
"546","STER_029",-103.011749,40.468561,668556.196258583,4481663.57282413,668000,4481000,0.0238912294380664
"547","STER_028",-103.018333,40.473273,667986.24753517,4482174.09504514,667000,4482000,0.0211841195456981
"548","STER_028",-103.018333,40.473273,667986.24753517,4482174.09504514,667000,4482000,0.0211841195456981
"549","STER_028",-103.018333,40.473273,667986.24753517,4482174.09504514,667000,4482000,0.0211841195456981
"550","STER_026",-103.0243,40.474713,667476.812556816,4482322.60536237,667000,4482000,0.0211841195456981
"551","STER_026",-103.0243,40.474713,667476.812556816,4482322.60536237,667000,4482000,0.0211841195456981
"552","STER_026",-103.0243,40.474713,667476.812556816,4482322.60536237,667000,4482000,0.0211841195456981
"553","STER_006",-103.035332,40.463935,666568.228125937,4481105.26035748,666000,4481000,0.0260915894005298
"554","STER_006",-103.035332,40.463935,666568.228125937,4481105.26035748,666000,4481000,0.0260915894005298
"555","STER_006",-103.035332,40.463935,666568.228125937,4481105.26035748,666000,4481000,0.0260915894005298
"556","STER_016",-103.030754,40.463856,666956.579583773,4481105.14175602,666000,4481000,0.0260915894005298
"557","STER_016",-103.030754,40.463856,666956.579583773,4481105.14175602,666000,4481000,0.0260915894005298
"558","STER_016",-103.030754,40.463856,666956.579583773,4481105.14175602,666000,4481000,0.0260915894005298
"559","STER_011",-103.031538,40.461168,666896.76178837,4480805.26503137,666000,4480000,0.0109974097342492
"560","STER_011",-103.031538,40.461168,666896.76178837,4480805.26503137,666000,4480000,0.0109974097342492
"561","STER_011",-103.031538,40.461168,666896.76178837,4480805.26503137,666000,4480000,0.0109974097342492
"562","STER_010",-103.030496,40.460611,666986.493500721,4480745.40379678,666000,4480000,0.0109974097342492
"563","STER_010",-103.030496,40.460611,666986.493500721,4480745.40379678,666000,4480000,0.0109974097342492
"564","STER_010",-103.030496,40.460611,666986.493500721,4480745.40379678,666000,4480000,0.0109974097342492
"565","STER_012",-103.029801,40.460053,667046.806284256,4480684.77572993,667000,4480000,0.0155946796512604
"566","STER_012",-103.029801,40.460053,667046.806284256,4480684.77572993,667000,4480000,0.0155946796512604
"567","STER_012",-103.029801,40.460053,667046.806284256,4480684.77572993,667000,4480000,0.0155946796512604
"568","STER_027",-103.018821,40.480827,667926.046863519,4483011.73527646,667000,4483000,0.0744448983259201
"569","STER_027",-103.018821,40.480827,667926.046863519,4483011.73527646,667000,4483000,0.0744448983259201
"570","STER_027",-103.018821,40.480827,667926.046863519,4483011.73527646,667000,4483000,0.0744448983259201
